rank,abbrv,country,value,delta,year
1,JPN,Japan,2.230778,0,1995
2,SWE,Sweden,1.781618,0,1995
3,USA,United States,1.736209,0,1995
4,FIN,Finland,1.729654,0,1995
5,CHE,Switzerland,1.650257,0,1995
6,GBR,United Kingdom,1.608034,0,1995
7,NOR,Norway,1.59853,0,1995
8,DEU,Germany,1.589677,0,1995
9,AUT,Austria,1.574626,0,1995
10,ITA,Italy,1.534427,0,1995
11,FRA,France,1.477457,0,1995
12,SVN,Slovenia,1.458654,0,1995
13,CZE,Czech Republic,1.447684,0,1995
14,CAN,Canada,1.43304,0,1995
15,DNK,Denmark,1.400294,0,1995
16,IRL,Ireland,1.364089,0,1995
17,ISR,Israel,1.358524,0,1995
18,BEL,Belgium,1.302135,0,1995
19,ESP,Spain,1.301992,0,1995
20,SGP,Singapore,1.256978,0,1995
21,KOR,"Korea, Rep.",1.253816,0,1995
22,SVK,Slovak Republic,1.251518,0,1995
23,NLD,Netherlands,1.246024,0,1995
24,HKG,Hong Kong,1.172994,0,1995
25,GEO,Georgia,1.036606,0,1995
26,NZL,New Zealand,0.971807,0,1995
27,HUN,Hungary,0.9341604,0,1995
28,POL,Poland,0.8727257,0,1995
29,AUS,Australia,0.8352723,0,1995
30,MYS,Malaysia,0.7874678,0,1995
31,HRV,Croatia,0.7739633,0,1995
32,SAU,Saudi Arabia,0.7528722,0,1995
33,MEX,Mexico,0.750508,0,1995
34,PRT,Portugal,0.7048274,0,1995
35,ROU,Romania,0.6719842,0,1995
36,CHN,China,0.6502548,0,1995
37,BRA,Brazil,0.6318454,0,1995
38,BLR,Belarus,0.6062952,0,1995
39,EST,Estonia,0.5909622,0,1995
40,UKR,Ukraine,0.5424299,0,1995
41,ZAF,South Africa,0.5186074,0,1995
42,BGR,Bulgaria,0.5080408,0,1995
43,URY,Uruguay,0.4887366,0,1995
44,MKD,Macedonia,0.4464953,0,1995
45,RUS,Russia,0.4438498,0,1995
46,LTU,Lithuania,0.4316534,0,1995
47,KWT,Kuwait,0.4252711,0,1995
48,TTO,Trinidad and Tobago,0.381656,0,1995
49,VEN,Venezuela,0.3809065,0,1995
50,MDA,Moldova,0.3691221,0,1995
51,KGZ,Kyrgyzstan,0.3680094,0,1995
52,THA,Thailand,0.3496226,0,1995
53,LVA,Latvia,0.3477746,0,1995
54,IND,India,0.3256658,0,1995
55,PAN,Panama,0.3047935,0,1995
56,ARE,United Arab Emirates,0.2718137,0,1995
57,KAZ,Kazakhstan,0.2530501,0,1995
58,TUR,Turkey,0.2509196,0,1995
59,JOR,Jordan,0.2494796,0,1995
60,ARG,Argentina,0.2380063,0,1995
61,GRC,Greece,0.2203265,0,1995
62,BIH,Bosnia and Herzegovina,0.2133998,0,1995
63,LBN,Lebanon,0.0626406,0,1995
64,SLV,El Salvador,0.0406351,0,1995
65,COL,Colombia,0.0228792,0,1995
66,OMN,Oman,0.0127462,0,1995
67,CHL,Chile,-0.0368232,0,1995
68,TJK,Tajikistan,-0.0591346,0,1995
69,ZWE,Zimbabwe,-0.0801841,0,1995
70,AZE,Azerbaijan,-0.1125483,0,1995
71,TUN,Tunisia,-0.1223078,0,1995
72,GTM,Guatemala,-0.1731344,0,1995
73,EGY,Egypt,-0.1745195,0,1995
74,MUS,Mauritius,-0.1941523,0,1995
75,DZA,Algeria,-0.2026349,0,1995
76,QAT,Qatar,-0.2249741,0,1995
77,LBY,Libya,-0.2496125,0,1995
78,KEN,Kenya,-0.2797371,0,1995
79,CUB,Cuba,-0.2860444,0,1995
80,PRY,Paraguay,-0.292308,0,1995
81,CRI,Costa Rica,-0.2943765,0,1995
82,PHL,Philippines,-0.2956235,0,1995
83,IDN,Indonesia,-0.3051147,0,1995
84,PER,Peru,-0.3288234,0,1995
85,ZMB,Zambia,-0.3742816,0,1995
86,ALB,Albania,-0.4121528,0,1995
87,UZB,Uzbekistan,-0.4690471,0,1995
88,MAR,Morocco,-0.5175999,0,1995
89,BOL,Bolivia,-0.5599661,0,1995
90,NIC,Nicaragua,-0.5883789,0,1995
91,MNG,Mongolia,-0.5965036,0,1995
92,PAK,Pakistan,-0.6537227,0,1995
93,DOM,Dominican Republic,-0.6593357,0,1995
94,COG,Congo,-0.7000216,0,1995
95,LBR,Liberia,-0.7521108,0,1995
96,HND,Honduras,-0.7861783,0,1995
97,LKA,Sri Lanka,-0.8006204,0,1995
98,IRN,Iran,-0.8826827,0,1995
99,ECU,Ecuador,-0.8860389,0,1995
100,CIV,Cote d'Ivoire,-0.9148443,0,1995
101,JAM,Jamaica,-0.9253792,0,1995
102,VNM,Viet Nam,-0.9545316,0,1995
103,MLI,Mali,-0.9673965,0,1995
104,TKM,Turkmenistan,-0.9811876,0,1995
105,SYR,Syrian Arab Republic,-0.9814281,0,1995
106,BGD,Bangladesh,-1.042629,0,1995
107,UGA,Uganda,-1.114522,0,1995
108,SDN,Sudan,-1.114823,0,1995
109,MWI,Malawi,-1.144665,0,1995
110,MOZ,Mozambique,-1.199746,0,1995
111,MDG,Madagascar,-1.237573,0,1995
112,SEN,Senegal,-1.258155,0,1995
113,CMR,Cameroon,-1.318325,0,1995
114,TZA,Tanzania,-1.38526,0,1995
115,LAO,Lao PDR,-1.39556,0,1995
116,KHM,Cambodia,-1.452692,0,1995
117,GHA,Ghana,-1.600537,0,1995
118,YEM,Yemen,-1.610497,0,1995
119,ETH,Ethiopia,-1.61944,0,1995
120,GIN,Guinea,-1.655363,0,1995
121,GAB,Gabon,-2.14217,0,1995
122,MRT,Mauritania,-2.307936,0,1995
123,NGA,Nigeria,-2.599052,0,1995
124,AGO,Angola,-3.037427,0,1995
125,PNG,Papua New Guinea,-3.068323,0,1995
1,JPN,Japan,2.350087,0,1996
2,USA,United States,1.81024,1,1996
3,SWE,Sweden,1.780068,-1,1996
4,FIN,Finland,1.778448,0,1996
5,CHE,Switzerland,1.724955,0,1996
6,GBR,United Kingdom,1.648306,0,1996
7,NOR,Norway,1.645749,0,1996
8,DEU,Germany,1.633386,0,1996
9,AUT,Austria,1.620716,0,1996
10,CZE,Czech Republic,1.546996,3,1996
11,ITA,Italy,1.546468,-1,1996
12,SVN,Slovenia,1.49229,0,1996
13,FRA,France,1.482628,-2,1996
14,CAN,Canada,1.481889,0,1996
15,DNK,Denmark,1.397705,0,1996
16,IRL,Ireland,1.342444,0,1996
17,KOR,"Korea, Rep.",1.336725,4,1996
18,ISR,Israel,1.332949,-1,1996
19,ESP,Spain,1.329014,0,1996
20,BEL,Belgium,1.298773,-2,1996
21,NLD,Netherlands,1.29025,2,1996
22,SGP,Singapore,1.276823,-2,1996
23,SVK,Slovak Republic,1.268337,-1,1996
24,HKG,Hong Kong,1.219414,0,1996
25,UKR,Ukraine,0.9623001,15,1996
26,HUN,Hungary,0.9159251,1,1996
27,RUS,Russia,0.905502,18,1996
28,POL,Poland,0.9017662,0,1996
29,NZL,New Zealand,0.893297,-3,1996
30,AUS,Australia,0.8676862,-1,1996
31,MYS,Malaysia,0.8622728,-1,1996
32,MEX,Mexico,0.8376275,1,1996
33,HRV,Croatia,0.8302519,-2,1996
34,BLR,Belarus,0.8236224,4,1996
35,BIH,Bosnia and Herzegovina,0.7336918,27,1996
36,BRA,Brazil,0.6874298,1,1996
37,PRT,Portugal,0.6841499,-3,1996
38,SAU,Saudi Arabia,0.6718279,-6,1996
39,CHN,China,0.6653916,-3,1996
40,EST,Estonia,0.6530103,-1,1996
41,ROU,Romania,0.6513771,-6,1996
42,BGR,Bulgaria,0.6461319,0,1996
43,KAZ,Kazakhstan,0.5105094,14,1996
44,LTU,Lithuania,0.4796297,2,1996
45,ZAF,South Africa,0.473394,-4,1996
46,GEO,Georgia,0.4712918,-21,1996
47,LVA,Latvia,0.4481497,6,1996
48,MKD,Macedonia,0.3758242,-4,1996
49,TTO,Trinidad and Tobago,0.3614398,-1,1996
50,ARE,United Arab Emirates,0.3470237,6,1996
51,KGZ,Kyrgyzstan,0.3246746,0,1996
52,GRC,Greece,0.3126315,9,1996
53,KWT,Kuwait,0.3097863,-6,1996
54,IND,India,0.2791773,0,1996
55,URY,Uruguay,0.2765543,-12,1996
56,TUR,Turkey,0.2675386,2,1996
57,THA,Thailand,0.2638242,-5,1996
58,AZE,Azerbaijan,0.2535637,12,1996
59,COL,Colombia,0.1899395,6,1996
60,MDA,Moldova,0.1851605,-10,1996
61,JOR,Jordan,0.1727849,-2,1996
62,ARG,Argentina,0.1546547,-2,1996
63,PAN,Panama,0.104824,-8,1996
64,CHL,Chile,0.0891381,3,1996
65,VEN,Venezuela,0.0840888,-16,1996
66,LBN,Lebanon,-0.0543369,-3,1996
67,SLV,El Salvador,-0.0707919,-3,1996
68,DZA,Algeria,-0.0947826,7,1996
69,PHL,Philippines,-0.1208568,13,1996
70,OMN,Oman,-0.133122,-4,1996
71,MNG,Mongolia,-0.1893872,20,1996
72,TUN,Tunisia,-0.2147599,-1,1996
73,ALB,Albania,-0.2308179,13,1996
74,TJK,Tajikistan,-0.2593375,-6,1996
75,GTM,Guatemala,-0.2707994,-3,1996
76,IDN,Indonesia,-0.3151047,7,1996
77,UZB,Uzbekistan,-0.3447033,10,1996
78,ZMB,Zambia,-0.3658254,7,1996
79,PER,Peru,-0.3691599,5,1996
80,MUS,Mauritius,-0.3797889,-6,1996
81,QAT,Qatar,-0.4318282,-5,1996
82,CRI,Costa Rica,-0.4380419,-1,1996
83,EGY,Egypt,-0.4414678,-10,1996
84,ZWE,Zimbabwe,-0.4506385,-15,1996
85,JAM,Jamaica,-0.4923333,16,1996
86,KEN,Kenya,-0.5209967,-8,1996
87,DOM,Dominican Republic,-0.5680624,6,1996
88,CUB,Cuba,-0.585657,-9,1996
89,LBY,Libya,-0.5913343,-12,1996
90,PAK,Pakistan,-0.6111035,2,1996
91,MAR,Morocco,-0.6479255,-3,1996
92,HND,Honduras,-0.6535358,4,1996
93,PRY,Paraguay,-0.6652347,-13,1996
94,SEN,Senegal,-0.6689872,18,1996
95,BOL,Bolivia,-0.6920497,-6,1996
96,LAO,Lao PDR,-0.7228585,19,1996
97,IRN,Iran,-0.8227521,1,1996
98,NIC,Nicaragua,-0.8292611,-8,1996
99,LKA,Sri Lanka,-0.8484114,-2,1996
100,VNM,Viet Nam,-0.8775903,2,1996
101,BGD,Bangladesh,-0.9513942,5,1996
102,TKM,Turkmenistan,-0.9649485,2,1996
103,CIV,Cote d'Ivoire,-0.9662244,-3,1996
104,MLI,Mali,-1.066655,-1,1996
105,GAB,Gabon,-1.085962,16,1996
106,UGA,Uganda,-1.227941,1,1996
107,SYR,Syrian Arab Republic,-1.244688,-2,1996
108,LBR,Liberia,-1.266167,-13,1996
109,ECU,Ecuador,-1.273743,-10,1996
110,KHM,Cambodia,-1.330116,6,1996
111,MDG,Madagascar,-1.347701,0,1996
112,GHA,Ghana,-1.414771,5,1996
113,MWI,Malawi,-1.44347,-4,1996
114,SDN,Sudan,-1.481678,-6,1996
115,GIN,Guinea,-1.516744,5,1996
116,MRT,Mauritania,-1.548928,6,1996
117,ETH,Ethiopia,-1.562405,2,1996
118,COG,Congo,-1.563186,-24,1996
119,MOZ,Mozambique,-1.657636,-9,1996
120,TZA,Tanzania,-1.671944,-6,1996
121,CMR,Cameroon,-1.739516,-8,1996
122,YEM,Yemen,-1.781786,-4,1996
123,NGA,Nigeria,-2.175412,0,1996
124,AGO,Angola,-2.308671,0,1996
125,PNG,Papua New Guinea,-2.669114,0,1996
1,JPN,Japan,2.198547,0,1997
2,USA,United States,1.688444,0,1997
3,SWE,Sweden,1.662463,0,1997
4,FIN,Finland,1.645306,0,1997
5,CHE,Switzerland,1.632135,0,1997
6,DEU,Germany,1.553985,2,1997
7,NOR,Norway,1.526217,0,1997
8,GBR,United Kingdom,1.520459,-2,1997
9,AUT,Austria,1.511243,0,1997
10,SVN,Slovenia,1.485593,2,1997
11,CZE,Czech Republic,1.446395,-1,1997
12,ITA,Italy,1.430047,-1,1997
13,FRA,France,1.419939,0,1997
14,CAN,Canada,1.394156,0,1997
15,DNK,Denmark,1.337635,0,1997
16,ISR,Israel,1.321596,2,1997
17,IRL,Ireland,1.296119,-1,1997
18,KOR,"Korea, Rep.",1.270023,-1,1997
19,SVK,Slovak Republic,1.235957,4,1997
20,ESP,Spain,1.207123,-1,1997
21,BEL,Belgium,1.205545,-1,1997
22,NLD,Netherlands,1.192798,-1,1997
23,SGP,Singapore,1.165662,-1,1997
24,HKG,Hong Kong,1.059619,0,1997
25,POL,Poland,0.9487212,3,1997
26,RUS,Russia,0.9342968,1,1997
27,UKR,Ukraine,0.8939528,-2,1997
28,NZL,New Zealand,0.8836659,1,1997
29,HUN,Hungary,0.8434327,-3,1997
30,MEX,Mexico,0.7749543,2,1997
31,AUS,Australia,0.6997238,-1,1997
32,MYS,Malaysia,0.6956831,-1,1997
33,PRT,Portugal,0.6728686,4,1997
34,EST,Estonia,0.664623,6,1997
35,HRV,Croatia,0.656161,-2,1997
36,BLR,Belarus,0.6385111,-2,1997
37,BRA,Brazil,0.58194,-1,1997
38,CHN,China,0.565845,1,1997
39,BGR,Bulgaria,0.563411,3,1997
40,ROU,Romania,0.562241,1,1997
41,LVA,Latvia,0.5401523,6,1997
42,LTU,Lithuania,0.5005984,2,1997
43,ZAF,South Africa,0.5001108,2,1997
44,BIH,Bosnia and Herzegovina,0.4576069,-9,1997
45,SAU,Saudi Arabia,0.4215508,-7,1997
46,ARE,United Arab Emirates,0.3891388,4,1997
47,VEN,Venezuela,0.3738081,18,1997
48,IND,India,0.3631719,6,1997
49,TTO,Trinidad and Tobago,0.3587373,0,1997
50,GEO,Georgia,0.3480719,-4,1997
51,KAZ,Kazakhstan,0.3106197,-8,1997
52,LBN,Lebanon,0.2800259,14,1997
53,COL,Colombia,0.2707126,6,1997
54,PAN,Panama,0.2647582,9,1997
55,MKD,Macedonia,0.2618705,-7,1997
56,GRC,Greece,0.2517299,-4,1997
57,ARG,Argentina,0.2124861,5,1997
58,THA,Thailand,0.2058476,-1,1997
59,TUR,Turkey,0.1914635,-3,1997
60,AZE,Azerbaijan,0.1727644,-2,1997
61,URY,Uruguay,0.1577585,-6,1997
62,JOR,Jordan,0.1574801,-1,1997
63,OMN,Oman,0.1386322,7,1997
64,MDA,Moldova,0.0742319,-4,1997
65,CHL,Chile,0.0292652,-1,1997
66,SLV,El Salvador,0.02379,1,1997
67,KWT,Kuwait,-0.078642,-14,1997
68,PHL,Philippines,-0.1047745,1,1997
69,KGZ,Kyrgyzstan,-0.1250654,-18,1997
70,TUN,Tunisia,-0.1724971,2,1997
71,CRI,Costa Rica,-0.2455635,11,1997
72,ALB,Albania,-0.2699647,1,1997
73,EGY,Egypt,-0.2831763,10,1997
74,GTM,Guatemala,-0.3194298,1,1997
75,IRN,Iran,-0.3535018,22,1997
76,MUS,Mauritius,-0.3546717,4,1997
77,MNG,Mongolia,-0.3997059,-6,1997
78,DZA,Algeria,-0.4193666,-10,1997
79,IDN,Indonesia,-0.4443704,-3,1997
80,KEN,Kenya,-0.4712559,6,1997
81,ZWE,Zimbabwe,-0.4740455,3,1997
82,TJK,Tajikistan,-0.4902004,-8,1997
83,PER,Peru,-0.5324302,-4,1997
84,QAT,Qatar,-0.5376607,-3,1997
85,SEN,Senegal,-0.5411537,9,1997
86,MAR,Morocco,-0.5503844,5,1997
87,CUB,Cuba,-0.5741181,1,1997
88,PRY,Paraguay,-0.6176773,5,1997
89,UZB,Uzbekistan,-0.629512,-12,1997
90,LBR,Liberia,-0.6316412,18,1997
91,DOM,Dominican Republic,-0.6363505,-4,1997
92,JAM,Jamaica,-0.6680835,-7,1997
93,ZMB,Zambia,-0.6775023,-15,1997
94,LBY,Libya,-0.6958333,-5,1997
95,PAK,Pakistan,-0.7112408,-5,1997
96,HND,Honduras,-0.7683275,-4,1997
97,LAO,Lao PDR,-0.7964295,-1,1997
98,TKM,Turkmenistan,-0.8021246,4,1997
99,NIC,Nicaragua,-0.8880966,-1,1997
100,CIV,Cote d'Ivoire,-0.8885643,3,1997
101,LKA,Sri Lanka,-0.8902299,-2,1997
102,VNM,Viet Nam,-0.9138902,-2,1997
103,BOL,Bolivia,-0.9267644,-8,1997
104,BGD,Bangladesh,-0.9448331,-3,1997
105,MOZ,Mozambique,-1.024734,14,1997
106,UGA,Uganda,-1.218762,0,1997
107,ECU,Ecuador,-1.253755,2,1997
108,MLI,Mali,-1.270627,-4,1997
109,GAB,Gabon,-1.29147,-4,1997
110,SYR,Syrian Arab Republic,-1.296596,-3,1997
111,MDG,Madagascar,-1.346523,0,1997
112,GHA,Ghana,-1.36426,0,1997
113,MWI,Malawi,-1.378446,0,1997
114,TZA,Tanzania,-1.402469,6,1997
115,SDN,Sudan,-1.419982,-1,1997
116,ETH,Ethiopia,-1.520139,1,1997
117,KHM,Cambodia,-1.540218,-7,1997
118,CMR,Cameroon,-1.558053,3,1997
119,COG,Congo,-1.565103,-1,1997
120,AGO,Angola,-1.635888,4,1997
121,GIN,Guinea,-1.869685,-6,1997
122,YEM,Yemen,-1.980825,0,1997
123,MRT,Mauritania,-2.052597,-7,1997
124,NGA,Nigeria,-2.308362,-1,1997
125,PNG,Papua New Guinea,-2.746984,0,1997
1,JPN,Japan,2.257462,0,1998
2,USA,United States,1.73744,0,1998
3,FIN,Finland,1.70836,1,1998
4,SWE,Sweden,1.677852,-1,1998
5,CHE,Switzerland,1.645895,0,1998
6,NOR,Norway,1.588519,1,1998
7,GBR,United Kingdom,1.577458,1,1998
8,DEU,Germany,1.536154,-2,1998
9,AUT,Austria,1.507809,0,1998
10,CZE,Czech Republic,1.48907,1,1998
11,SVN,Slovenia,1.449938,-1,1998
12,FRA,France,1.42503,1,1998
13,ITA,Italy,1.417892,-1,1998
14,CAN,Canada,1.378503,0,1998
15,IRL,Ireland,1.374144,2,1998
16,DNK,Denmark,1.338421,-1,1998
17,ISR,Israel,1.273454,-1,1998
18,KOR,"Korea, Rep.",1.263982,0,1998
19,BEL,Belgium,1.24426,2,1998
20,SVK,Slovak Republic,1.237319,-1,1998
21,ESP,Spain,1.217876,-1,1998
22,NLD,Netherlands,1.212894,0,1998
23,SGP,Singapore,1.195645,0,1998
24,HKG,Hong Kong,1.088765,0,1998
25,BLR,Belarus,1.031446,11,1998
26,RUS,Russia,0.9884172,0,1998
27,HUN,Hungary,0.9689667,2,1998
28,POL,Poland,0.9642417,-3,1998
29,UKR,Ukraine,0.9309343,-2,1998
30,NZL,New Zealand,0.8952847,-2,1998
31,EST,Estonia,0.8213027,3,1998
32,HRV,Croatia,0.7190648,3,1998
33,BRA,Brazil,0.6950715,4,1998
34,SAU,Saudi Arabia,0.6897745,11,1998
35,MYS,Malaysia,0.6790742,-3,1998
36,AUS,Australia,0.6707405,-5,1998
37,MEX,Mexico,0.6590667,-7,1998
38,PRT,Portugal,0.6180145,-5,1998
39,CHN,China,0.6137766,-1,1998
40,GEO,Georgia,0.5903344,10,1998
41,ZAF,South Africa,0.5462025,2,1998
42,ARE,United Arab Emirates,0.4831995,4,1998
43,LVA,Latvia,0.471976,-2,1998
44,BGR,Bulgaria,0.4609394,-5,1998
45,COL,Colombia,0.3969592,8,1998
46,LTU,Lithuania,0.3890978,-4,1998
47,ROU,Romania,0.3890223,-7,1998
48,JOR,Jordan,0.3566589,14,1998
49,TTO,Trinidad and Tobago,0.3344758,0,1998
50,PAN,Panama,0.334147,4,1998
51,BIH,Bosnia and Herzegovina,0.3236567,-7,1998
52,IND,India,0.3201287,-4,1998
53,VEN,Venezuela,0.308673,-6,1998
54,THA,Thailand,0.2731878,4,1998
55,AZE,Azerbaijan,0.2721064,5,1998
56,URY,Uruguay,0.2530643,5,1998
57,ARG,Argentina,0.247018,0,1998
58,GRC,Greece,0.2445025,-2,1998
59,LBN,Lebanon,0.2146244,-7,1998
60,KAZ,Kazakhstan,0.2097177,-9,1998
61,MKD,Macedonia,0.1681852,-6,1998
62,TUR,Turkey,0.1636537,-3,1998
63,CHL,Chile,0.0730867,2,1998
64,SLV,El Salvador,-0.0957695,2,1998
65,OMN,Oman,-0.103287,-2,1998
66,KWT,Kuwait,-0.1094974,1,1998
67,TUN,Tunisia,-0.1175151,3,1998
68,MDA,Moldova,-0.1521724,-4,1998
69,PHL,Philippines,-0.2453112,-1,1998
70,ALB,Albania,-0.2517397,2,1998
71,GTM,Guatemala,-0.2533727,3,1998
72,PRY,Paraguay,-0.3039204,16,1998
73,CRI,Costa Rica,-0.3161056,-2,1998
74,IRN,Iran,-0.3186968,1,1998
75,ZMB,Zambia,-0.3349423,18,1998
76,CUB,Cuba,-0.3365016,11,1998
77,KGZ,Kyrgyzstan,-0.3502748,-8,1998
78,IDN,Indonesia,-0.3545784,1,1998
79,SEN,Senegal,-0.35635,6,1998
80,PER,Peru,-0.3884531,3,1998
81,MUS,Mauritius,-0.4208903,-5,1998
82,LBY,Libya,-0.4250859,12,1998
83,EGY,Egypt,-0.4310933,-10,1998
84,ZWE,Zimbabwe,-0.4722912,-3,1998
85,KEN,Kenya,-0.483131,-5,1998
86,DZA,Algeria,-0.5035517,-8,1998
87,UZB,Uzbekistan,-0.5327449,2,1998
88,TKM,Turkmenistan,-0.6154481,10,1998
89,MNG,Mongolia,-0.6364384,-12,1998
90,MAR,Morocco,-0.6938604,-4,1998
91,BOL,Bolivia,-0.7227686,12,1998
92,JAM,Jamaica,-0.7291461,0,1998
93,QAT,Qatar,-0.7603429,-9,1998
94,LKA,Sri Lanka,-0.7955295,7,1998
95,PAK,Pakistan,-0.8102005,0,1998
96,TJK,Tajikistan,-0.8180963,-14,1998
97,LBR,Liberia,-0.8239523,-7,1998
98,DOM,Dominican Republic,-0.8320653,-7,1998
99,MOZ,Mozambique,-0.8518941,6,1998
100,NIC,Nicaragua,-0.8534415,-1,1998
101,VNM,Viet Nam,-0.9020358,1,1998
102,CIV,Cote d'Ivoire,-0.9235402,-2,1998
103,HND,Honduras,-0.9542947,-7,1998
104,TZA,Tanzania,-0.9636697,10,1998
105,SYR,Syrian Arab Republic,-1.028439,5,1998
106,ECU,Ecuador,-1.056702,1,1998
107,BGD,Bangladesh,-1.074903,-3,1998
108,MRT,Mauritania,-1.132951,15,1998
109,UGA,Uganda,-1.147102,-3,1998
110,SDN,Sudan,-1.205111,5,1998
111,GAB,Gabon,-1.229744,-2,1998
112,MDG,Madagascar,-1.241762,-1,1998
113,MLI,Mali,-1.271864,-5,1998
114,LAO,Lao PDR,-1.336954,-17,1998
115,GHA,Ghana,-1.365866,-3,1998
116,COG,Congo,-1.504853,3,1998
117,ETH,Ethiopia,-1.633542,-1,1998
118,KHM,Cambodia,-1.63367,-1,1998
119,MWI,Malawi,-1.68096,-6,1998
120,NGA,Nigeria,-1.750024,4,1998
121,YEM,Yemen,-1.760613,1,1998
122,GIN,Guinea,-1.95046,-1,1998
123,AGO,Angola,-1.964272,-3,1998
124,PNG,Papua New Guinea,-2.144138,1,1998
125,CMR,Cameroon,-2.334642,-7,1998
1,JPN,Japan,2.259392,0,1999
2,USA,United States,1.798818,0,1999
3,SWE,Sweden,1.753276,1,1999
4,FIN,Finland,1.737874,-1,1999
5,CHE,Switzerland,1.665534,0,1999
6,NOR,Norway,1.659936,0,1999
7,GBR,United Kingdom,1.653967,0,1999
8,DEU,Germany,1.569465,0,1999
9,AUT,Austria,1.493251,0,1999
10,CZE,Czech Republic,1.489445,0,1999
11,SVN,Slovenia,1.445126,0,1999
12,ITA,Italy,1.432075,1,1999
13,FRA,France,1.424385,-1,1999
14,IRL,Ireland,1.346305,1,1999
15,CAN,Canada,1.343786,-1,1999
16,KOR,"Korea, Rep.",1.320284,2,1999
17,DNK,Denmark,1.313993,-1,1999
18,ISR,Israel,1.30797,-1,1999
19,BEL,Belgium,1.246991,0,1999
20,NLD,Netherlands,1.228804,2,1999
21,ESP,Spain,1.227434,0,1999
22,SGP,Singapore,1.224839,1,1999
23,SVK,Slovak Republic,1.220197,-3,1999
24,HKG,Hong Kong,1.12408,0,1999
25,HUN,Hungary,1.01547,2,1999
26,POL,Poland,0.9412037,2,1999
27,NZL,New Zealand,0.879508,3,1999
28,RUS,Russia,0.8698152,-2,1999
29,BLR,Belarus,0.8221147,-4,1999
30,MYS,Malaysia,0.7880561,5,1999
31,MEX,Mexico,0.6951056,6,1999
32,UKR,Ukraine,0.6637864,-3,1999
33,PRT,Portugal,0.6544502,5,1999
34,CHN,China,0.647747,5,1999
35,BRA,Brazil,0.6378757,-2,1999
36,HRV,Croatia,0.633693,-4,1999
37,EST,Estonia,0.6069099,-6,1999
38,AUS,Australia,0.5994686,-2,1999
39,ARE,United Arab Emirates,0.5196877,3,1999
40,ZAF,South Africa,0.4780247,1,1999
41,PAN,Panama,0.4572615,9,1999
42,BIH,Bosnia and Herzegovina,0.445971,9,1999
43,BGR,Bulgaria,0.4265593,1,1999
44,TTO,Trinidad and Tobago,0.3862663,5,1999
45,ROU,Romania,0.3726121,2,1999
46,THA,Thailand,0.3706043,8,1999
47,LTU,Lithuania,0.3653885,-1,1999
48,LVA,Latvia,0.3382494,-5,1999
49,ARG,Argentina,0.3193598,8,1999
50,GEO,Georgia,0.3081948,-10,1999
51,IND,India,0.3075788,1,1999
52,URY,Uruguay,0.3069815,4,1999
53,LBN,Lebanon,0.2928074,6,1999
54,COL,Colombia,0.2415155,-9,1999
55,GRC,Greece,0.2303022,3,1999
56,SAU,Saudi Arabia,0.223088,-22,1999
57,KWT,Kuwait,0.1654287,9,1999
58,TUR,Turkey,0.1063073,4,1999
59,MKD,Macedonia,0.0935277,2,1999
60,VEN,Venezuela,0.0660045,-7,1999
61,OMN,Oman,0.0605232,4,1999
62,JOR,Jordan,-0.0024052,-14,1999
63,CHL,Chile,-0.0112679,0,1999
64,LBR,Liberia,-0.0399864,33,1999
65,ALB,Albania,-0.0677771,5,1999
66,IDN,Indonesia,-0.1148576,12,1999
67,SLV,El Salvador,-0.1556582,-3,1999
68,AZE,Azerbaijan,-0.1928331,-13,1999
69,MDA,Moldova,-0.2034764,-1,1999
70,PHL,Philippines,-0.2188518,-1,1999
71,KAZ,Kazakhstan,-0.2230633,-11,1999
72,CUB,Cuba,-0.2300786,4,1999
73,EGY,Egypt,-0.3030607,10,1999
74,ZWE,Zimbabwe,-0.3285729,10,1999
75,QAT,Qatar,-0.3341228,18,1999
76,MUS,Mauritius,-0.3460932,5,1999
77,TUN,Tunisia,-0.3461502,-10,1999
78,KEN,Kenya,-0.3700917,7,1999
79,CRI,Costa Rica,-0.3851707,-6,1999
80,GTM,Guatemala,-0.4002009,-9,1999
81,KGZ,Kyrgyzstan,-0.4011827,-4,1999
82,ZMB,Zambia,-0.4020682,-7,1999
83,LBY,Libya,-0.4255977,-1,1999
84,PER,Peru,-0.4268168,-4,1999
85,MOZ,Mozambique,-0.4429209,14,1999
86,MNG,Mongolia,-0.5098993,3,1999
87,SEN,Senegal,-0.5526056,-8,1999
88,BOL,Bolivia,-0.5779239,3,1999
89,IRN,Iran,-0.6241348,-15,1999
90,DOM,Dominican Republic,-0.637714,8,1999
91,CIV,Cote d'Ivoire,-0.6547095,11,1999
92,UZB,Uzbekistan,-0.6717333,-5,1999
93,PRY,Paraguay,-0.6995192,-21,1999
94,DZA,Algeria,-0.7028944,-8,1999
95,MAR,Morocco,-0.7030166,-5,1999
96,LKA,Sri Lanka,-0.7261198,-2,1999
97,NIC,Nicaragua,-0.7591553,3,1999
98,HND,Honduras,-0.7806044,5,1999
99,VNM,Viet Nam,-0.8360669,2,1999
100,TJK,Tajikistan,-0.839245,-4,1999
101,JAM,Jamaica,-0.869074,-9,1999
102,PAK,Pakistan,-0.9189806,-7,1999
103,ECU,Ecuador,-0.977856,3,1999
104,GAB,Gabon,-0.9909174,7,1999
105,TKM,Turkmenistan,-0.999139,-17,1999
106,MDG,Madagascar,-1.144862,6,1999
107,SYR,Syrian Arab Republic,-1.16261,-2,1999
108,TZA,Tanzania,-1.176837,-4,1999
109,COG,Congo,-1.192615,7,1999
110,BGD,Bangladesh,-1.226873,-3,1999
111,MLI,Mali,-1.228505,2,1999
112,GHA,Ghana,-1.27678,3,1999
113,SDN,Sudan,-1.379831,-3,1999
114,LAO,Lao PDR,-1.445215,0,1999
115,ETH,Ethiopia,-1.494945,2,1999
116,KHM,Cambodia,-1.524079,2,1999
117,UGA,Uganda,-1.55104,-8,1999
118,MRT,Mauritania,-1.580396,-10,1999
119,AGO,Angola,-1.648828,4,1999
120,MWI,Malawi,-1.665513,-1,1999
121,CMR,Cameroon,-1.928974,4,1999
122,YEM,Yemen,-2.096508,-1,1999
123,NGA,Nigeria,-2.146314,-3,1999
124,GIN,Guinea,-2.221065,-2,1999
125,PNG,Papua New Guinea,-2.379175,-1,1999
1,JPN,Japan,2.123126,0,2000
2,FIN,Finland,1.673291,2,2000
3,USA,United States,1.646991,-1,2000
4,SWE,Sweden,1.610887,-1,2000
5,CHE,Switzerland,1.566742,0,2000
6,GBR,United Kingdom,1.532172,1,2000
7,NOR,Norway,1.495972,-1,2000
8,DEU,Germany,1.452559,0,2000
9,AUT,Austria,1.405269,0,2000
10,CZE,Czech Republic,1.392636,0,2000
11,FRA,France,1.350752,2,2000
12,SVN,Slovenia,1.334956,-1,2000
13,ITA,Italy,1.294694,-1,2000
14,KOR,"Korea, Rep.",1.286559,2,2000
15,IRL,Ireland,1.24312,-1,2000
16,CAN,Canada,1.23864,-1,2000
17,DNK,Denmark,1.228293,0,2000
18,ISR,Israel,1.213962,0,2000
19,SGP,Singapore,1.126048,3,2000
20,BEL,Belgium,1.124253,-1,2000
21,NLD,Netherlands,1.119218,-1,2000
22,SVK,Slovak Republic,1.114897,1,2000
23,ESP,Spain,1.097358,-2,2000
24,HUN,Hungary,1.020939,1,2000
25,HKG,Hong Kong,1.009979,-1,2000
26,RUS,Russia,0.9378061,2,2000
27,POL,Poland,0.8372315,-1,2000
28,NZL,New Zealand,0.7929046,-1,2000
29,MEX,Mexico,0.7513551,2,2000
30,MYS,Malaysia,0.745987,0,2000
31,BRA,Brazil,0.6940095,4,2000
32,BLR,Belarus,0.6837406,-3,2000
33,UKR,Ukraine,0.6799951,-1,2000
34,PRT,Portugal,0.6200759,-1,2000
35,HRV,Croatia,0.6082295,1,2000
36,CHN,China,0.5753378,-2,2000
37,EST,Estonia,0.5282119,0,2000
38,AUS,Australia,0.4936828,0,2000
39,SAU,Saudi Arabia,0.4745822,17,2000
40,ARE,United Arab Emirates,0.4644974,-1,2000
41,ZAF,South Africa,0.4201494,-1,2000
42,KWT,Kuwait,0.3894721,15,2000
43,GEO,Georgia,0.3737505,7,2000
44,BGR,Bulgaria,0.3722507,-1,2000
45,THA,Thailand,0.3377404,1,2000
46,PAN,Panama,0.3374278,-5,2000
47,LVA,Latvia,0.3324247,1,2000
48,IND,India,0.3257429,3,2000
49,VEN,Venezuela,0.3174759,11,2000
50,ROU,Romania,0.2962872,-5,2000
51,ARG,Argentina,0.2874841,-2,2000
52,BIH,Bosnia and Herzegovina,0.2767982,-10,2000
53,URY,Uruguay,0.2434212,-1,2000
54,GRC,Greece,0.2098581,1,2000
55,LTU,Lithuania,0.2063745,-8,2000
56,LBN,Lebanon,0.2034252,-3,2000
57,TUR,Turkey,0.1919415,1,2000
58,COL,Colombia,0.1897317,-4,2000
59,QAT,Qatar,0.1828394,16,2000
60,TTO,Trinidad and Tobago,0.1489187,-16,2000
61,JOR,Jordan,0.1119092,1,2000
62,KAZ,Kazakhstan,0.0243554,9,2000
63,CHL,Chile,0.0058021,0,2000
64,MKD,Macedonia,-0.0148796,-5,2000
65,MDA,Moldova,-0.0223418,4,2000
66,PHL,Philippines,-0.0810466,4,2000
67,KGZ,Kyrgyzstan,-0.1152655,14,2000
68,ALB,Albania,-0.1262255,-3,2000
69,TUN,Tunisia,-0.1511762,8,2000
70,OMN,Oman,-0.1740644,-9,2000
71,IDN,Indonesia,-0.194225,-5,2000
72,AZE,Azerbaijan,-0.2847442,-4,2000
73,SLV,El Salvador,-0.2905265,-6,2000
74,CRI,Costa Rica,-0.2914024,5,2000
75,EGY,Egypt,-0.3348769,-2,2000
76,MUS,Mauritius,-0.362622,0,2000
77,LBY,Libya,-0.3727165,6,2000
78,PER,Peru,-0.4383138,6,2000
79,SEN,Senegal,-0.4904842,8,2000
80,GTM,Guatemala,-0.5096352,0,2000
81,LBR,Liberia,-0.5108507,-17,2000
82,CUB,Cuba,-0.5113364,-10,2000
83,ZWE,Zimbabwe,-0.5334693,-9,2000
84,UZB,Uzbekistan,-0.6095299,8,2000
85,DZA,Algeria,-0.6479169,9,2000
86,MNG,Mongolia,-0.6551099,0,2000
87,JAM,Jamaica,-0.6631355,14,2000
88,KEN,Kenya,-0.6710889,-10,2000
89,DOM,Dominican Republic,-0.6773393,1,2000
90,IRN,Iran,-0.6863095,-1,2000
91,MAR,Morocco,-0.7004498,4,2000
92,MOZ,Mozambique,-0.7147315,-7,2000
93,VNM,Viet Nam,-0.7342677,6,2000
94,PRY,Paraguay,-0.7376655,-1,2000
95,BOL,Bolivia,-0.7658888,-7,2000
96,PAK,Pakistan,-0.7806568,6,2000
97,GAB,Gabon,-0.8145894,7,2000
98,LKA,Sri Lanka,-0.8424874,-2,2000
99,ZMB,Zambia,-0.8807955,-17,2000
100,TJK,Tajikistan,-0.8952401,0,2000
101,NIC,Nicaragua,-0.9477768,-4,2000
102,BGD,Bangladesh,-1.019179,8,2000
103,CIV,Cote d'Ivoire,-1.058774,-12,2000
104,HND,Honduras,-1.063684,-6,2000
105,ECU,Ecuador,-1.069358,-2,2000
106,MDG,Madagascar,-1.113136,0,2000
107,UGA,Uganda,-1.145285,10,2000
108,TKM,Turkmenistan,-1.187444,-3,2000
109,KHM,Cambodia,-1.256054,7,2000
110,MLI,Mali,-1.292175,1,2000
111,SYR,Syrian Arab Republic,-1.338256,-4,2000
112,ETH,Ethiopia,-1.416044,3,2000
113,MWI,Malawi,-1.481411,7,2000
114,COG,Congo,-1.510914,-5,2000
115,TZA,Tanzania,-1.516867,-7,2000
116,MRT,Mauritania,-1.558613,2,2000
117,LAO,Lao PDR,-1.635265,-3,2000
118,GHA,Ghana,-1.648297,-6,2000
119,SDN,Sudan,-1.744304,-6,2000
120,PNG,Papua New Guinea,-1.823525,5,2000
121,YEM,Yemen,-1.860237,1,2000
122,CMR,Cameroon,-1.945354,-1,2000
123,AGO,Angola,-1.952752,-4,2000
124,GIN,Guinea,-1.955214,0,2000
125,NGA,Nigeria,-2.223147,-2,2000
1,JPN,Japan,2.228126,0,2001
2,FIN,Finland,1.715597,0,2001
3,USA,United States,1.694364,0,2001
4,SWE,Sweden,1.672042,0,2001
5,GBR,United Kingdom,1.634483,1,2001
6,CHE,Switzerland,1.601972,-1,2001
7,NOR,Norway,1.525772,0,2001
8,DEU,Germany,1.505484,0,2001
9,CZE,Czech Republic,1.50188,1,2001
10,KOR,"Korea, Rep.",1.460489,4,2001
11,SVN,Slovenia,1.451446,1,2001
12,AUT,Austria,1.432021,-3,2001
13,FRA,France,1.401936,-2,2001
14,ITA,Italy,1.377318,-1,2001
15,DNK,Denmark,1.303885,2,2001
16,IRL,Ireland,1.275142,-1,2001
17,CAN,Canada,1.242225,-1,2001
18,SVK,Slovak Republic,1.226329,4,2001
19,ISR,Israel,1.194218,-1,2001
20,SGP,Singapore,1.176602,-1,2001
21,ESP,Spain,1.171326,2,2001
22,BEL,Belgium,1.163804,-2,2001
23,NLD,Netherlands,1.137616,-2,2001
24,HUN,Hungary,1.135305,0,2001
25,HKG,Hong Kong,1.025858,0,2001
26,POL,Poland,0.975656,1,2001
27,RUS,Russia,0.9446065,-1,2001
28,BLR,Belarus,0.8786798,4,2001
29,MYS,Malaysia,0.8345863,1,2001
30,MEX,Mexico,0.8230659,-1,2001
31,UKR,Ukraine,0.8084454,2,2001
32,NZL,New Zealand,0.7830739,-4,2001
33,SAU,Saudi Arabia,0.7161949,6,2001
34,EST,Estonia,0.6824823,3,2001
35,CHN,China,0.6350634,1,2001
36,PRT,Portugal,0.6139942,-2,2001
37,HRV,Croatia,0.5872751,-2,2001
38,ARE,United Arab Emirates,0.5860869,2,2001
39,BRA,Brazil,0.5176483,-8,2001
40,GEO,Georgia,0.4695086,3,2001
41,LVA,Latvia,0.4043109,6,2001
42,THA,Thailand,0.3711972,3,2001
43,ROU,Romania,0.3674053,7,2001
44,VEN,Venezuela,0.3607909,5,2001
45,AUS,Australia,0.3603457,-7,2001
46,TTO,Trinidad and Tobago,0.3560381,14,2001
47,BGR,Bulgaria,0.3373833,-3,2001
48,IND,India,0.3259168,0,2001
49,PAN,Panama,0.277413,-3,2001
50,URY,Uruguay,0.2756132,3,2001
51,KWT,Kuwait,0.2670662,-9,2001
52,COL,Colombia,0.2573803,6,2001
53,GRC,Greece,0.2235465,1,2001
54,ARG,Argentina,0.1713053,-3,2001
55,BIH,Bosnia and Herzegovina,0.1594304,-3,2001
56,TUR,Turkey,0.142623,1,2001
57,ZAF,South Africa,0.1127449,-16,2001
58,JOR,Jordan,0.1100279,3,2001
59,LBN,Lebanon,0.1030373,-3,2001
60,LTU,Lithuania,0.0764464,-5,2001
61,OMN,Oman,0.0269264,9,2001
62,PHL,Philippines,-0.0239942,4,2001
63,CRI,Costa Rica,-0.0318534,11,2001
64,MDA,Moldova,-0.0976077,1,2001
65,CHL,Chile,-0.0980517,-2,2001
66,KAZ,Kazakhstan,-0.0996625,-4,2001
67,MKD,Macedonia,-0.1273647,-3,2001
68,IDN,Indonesia,-0.1425953,3,2001
69,TUN,Tunisia,-0.1911064,0,2001
70,ALB,Albania,-0.1914815,-2,2001
71,DZA,Algeria,-0.2240877,14,2001
72,KGZ,Kyrgyzstan,-0.2378578,-5,2001
73,SLV,El Salvador,-0.274378,0,2001
74,EGY,Egypt,-0.3978237,1,2001
75,QAT,Qatar,-0.4369833,-16,2001
76,SEN,Senegal,-0.4812992,3,2001
77,MUS,Mauritius,-0.501668,-1,2001
78,DOM,Dominican Republic,-0.5471979,11,2001
79,PER,Peru,-0.5520211,-1,2001
80,LBR,Liberia,-0.5675939,1,2001
81,KEN,Kenya,-0.5742148,7,2001
82,GTM,Guatemala,-0.6046338,-2,2001
83,VNM,Viet Nam,-0.6186379,10,2001
84,AZE,Azerbaijan,-0.6545921,-12,2001
85,JAM,Jamaica,-0.7280561,2,2001
86,LKA,Sri Lanka,-0.7400512,12,2001
87,LBY,Libya,-0.7749677,-10,2001
88,ZWE,Zimbabwe,-0.7759537,-5,2001
89,IRN,Iran,-0.7878652,1,2001
90,CUB,Cuba,-0.8112199,-8,2001
91,UZB,Uzbekistan,-0.8519255,-7,2001
92,PAK,Pakistan,-0.8533378,4,2001
93,PRY,Paraguay,-0.8669646,1,2001
94,MAR,Morocco,-0.9078637,-3,2001
95,MNG,Mongolia,-0.9314523,-9,2001
96,ECU,Ecuador,-0.9714459,9,2001
97,MLI,Mali,-0.9932764,13,2001
98,BOL,Bolivia,-1.010077,-3,2001
99,ZMB,Zambia,-1.039091,0,2001
100,CIV,Cote d'Ivoire,-1.09707,3,2001
101,NIC,Nicaragua,-1.103783,0,2001
102,HND,Honduras,-1.134862,2,2001
103,BGD,Bangladesh,-1.20689,-1,2001
104,TJK,Tajikistan,-1.215776,-4,2001
105,GAB,Gabon,-1.217739,-8,2001
106,SYR,Syrian Arab Republic,-1.232992,5,2001
107,UGA,Uganda,-1.245565,0,2001
108,GHA,Ghana,-1.36536,10,2001
109,ETH,Ethiopia,-1.439074,3,2001
110,MDG,Madagascar,-1.496498,-4,2001
111,COG,Congo,-1.515877,3,2001
112,TZA,Tanzania,-1.518205,3,2001
113,KHM,Cambodia,-1.529704,-4,2001
114,MOZ,Mozambique,-1.558631,-22,2001
115,TKM,Turkmenistan,-1.559833,-7,2001
116,MRT,Mauritania,-1.610268,0,2001
117,LAO,Lao PDR,-1.623793,0,2001
118,PNG,Papua New Guinea,-1.687398,2,2001
119,MWI,Malawi,-1.800479,-6,2001
120,GIN,Guinea,-1.845501,4,2001
121,YEM,Yemen,-1.923242,0,2001
122,SDN,Sudan,-2.017954,-3,2001
123,AGO,Angola,-2.075354,0,2001
124,CMR,Cameroon,-2.076106,-2,2001
125,NGA,Nigeria,-2.579258,0,2001
1,JPN,Japan,2.289198,0,2002
2,USA,United States,1.727854,1,2002
3,FIN,Finland,1.72538,-1,2002
4,SWE,Sweden,1.685945,0,2002
5,GBR,United Kingdom,1.64018,0,2002
6,CHE,Switzerland,1.621064,0,2002
7,NOR,Norway,1.576391,0,2002
8,CZE,Czech Republic,1.526007,1,2002
9,KOR,"Korea, Rep.",1.521854,1,2002
10,DEU,Germany,1.519951,-2,2002
11,SVN,Slovenia,1.473097,0,2002
12,AUT,Austria,1.436454,0,2002
13,FRA,France,1.386612,0,2002
14,ITA,Italy,1.376364,0,2002
15,IRL,Ireland,1.342186,1,2002
16,DNK,Denmark,1.289703,-1,2002
17,SVK,Slovak Republic,1.282822,1,2002
18,CAN,Canada,1.254539,-1,2002
19,ISR,Israel,1.238243,0,2002
20,HUN,Hungary,1.187535,4,2002
21,BEL,Belgium,1.15755,1,2002
22,NLD,Netherlands,1.152658,1,2002
23,SGP,Singapore,1.150651,-3,2002
24,ESP,Spain,1.115768,-3,2002
25,BLR,Belarus,1.059599,3,2002
26,RUS,Russia,1.049796,1,2002
27,HKG,Hong Kong,1.033039,-2,2002
28,POL,Poland,1.00408,-2,2002
29,UKR,Ukraine,0.902182,2,2002
30,MEX,Mexico,0.8630036,0,2002
31,NZL,New Zealand,0.8054541,1,2002
32,MYS,Malaysia,0.7804675,-3,2002
33,ARE,United Arab Emirates,0.7493145,5,2002
34,EST,Estonia,0.7219527,0,2002
35,SAU,Saudi Arabia,0.7092003,-2,2002
36,CHN,China,0.6486112,-1,2002
37,HRV,Croatia,0.5929878,0,2002
38,KWT,Kuwait,0.5584489,13,2002
39,PRT,Portugal,0.5516711,-3,2002
40,BRA,Brazil,0.492159,-1,2002
41,QAT,Qatar,0.4883894,34,2002
42,VEN,Venezuela,0.4276133,2,2002
43,GEO,Georgia,0.4258624,-3,2002
44,LVA,Latvia,0.4224967,-3,2002
45,AUS,Australia,0.3775117,0,2002
46,BGR,Bulgaria,0.3531723,1,2002
47,IND,India,0.3254831,1,2002
48,THA,Thailand,0.3232124,-6,2002
49,ROU,Romania,0.3114438,-6,2002
50,PAN,Panama,0.2697657,-1,2002
51,LTU,Lithuania,0.2471538,9,2002
52,BIH,Bosnia and Herzegovina,0.2116906,3,2002
53,GRC,Greece,0.2058209,0,2002
54,COL,Colombia,0.2049427,-2,2002
55,URY,Uruguay,0.1826488,-5,2002
56,LBN,Lebanon,0.1812489,3,2002
57,ARG,Argentina,0.1743646,-3,2002
58,TTO,Trinidad and Tobago,0.1676417,-12,2002
59,TUR,Turkey,0.1286977,-3,2002
60,ZAF,South Africa,0.0881977,-3,2002
61,PHL,Philippines,0.0849027,1,2002
62,JOR,Jordan,0.0428785,-4,2002
63,OMN,Oman,-0.0231193,-2,2002
64,LBR,Liberia,-0.1010833,16,2002
65,MKD,Macedonia,-0.1102398,2,2002
66,LBY,Libya,-0.1222005,21,2002
67,ALB,Albania,-0.1368676,3,2002
68,CHL,Chile,-0.1480685,-3,2002
69,IDN,Indonesia,-0.2229651,-1,2002
70,CRI,Costa Rica,-0.2242373,-7,2002
71,KGZ,Kyrgyzstan,-0.2314475,1,2002
72,KAZ,Kazakhstan,-0.2480697,-6,2002
73,MDA,Moldova,-0.2663646,-9,2002
74,SLV,El Salvador,-0.2710181,-1,2002
75,TUN,Tunisia,-0.3060202,-6,2002
76,EGY,Egypt,-0.3933697,-2,2002
77,MUS,Mauritius,-0.5057226,0,2002
78,AZE,Azerbaijan,-0.5091633,6,2002
79,DOM,Dominican Republic,-0.5461614,-1,2002
80,IRN,Iran,-0.6621918,9,2002
81,VNM,Viet Nam,-0.6678514,2,2002
82,SEN,Senegal,-0.6838803,-6,2002
83,GTM,Guatemala,-0.7125486,-1,2002
84,DZA,Algeria,-0.7162097,-13,2002
85,ZWE,Zimbabwe,-0.7179515,3,2002
86,KEN,Kenya,-0.7205399,-5,2002
87,CUB,Cuba,-0.7485278,3,2002
88,PRY,Paraguay,-0.7639288,5,2002
89,UZB,Uzbekistan,-0.7715145,2,2002
90,JAM,Jamaica,-0.8123631,-5,2002
91,PER,Peru,-0.8260134,-12,2002
92,LKA,Sri Lanka,-0.8541142,-6,2002
93,GAB,Gabon,-0.8555518,12,2002
94,MAR,Morocco,-0.8762413,0,2002
95,ZMB,Zambia,-0.93919,4,2002
96,PAK,Pakistan,-0.9534839,-4,2002
97,NIC,Nicaragua,-0.9685887,4,2002
98,MNG,Mongolia,-1.132293,-3,2002
99,HND,Honduras,-1.137433,3,2002
100,SYR,Syrian Arab Republic,-1.156973,6,2002
101,TJK,Tajikistan,-1.239807,3,2002
102,MLI,Mali,-1.264986,-5,2002
103,BOL,Bolivia,-1.295558,-5,2002
104,CIV,Cote d'Ivoire,-1.313478,-4,2002
105,ECU,Ecuador,-1.327118,-9,2002
106,BGD,Bangladesh,-1.389277,-3,2002
107,MOZ,Mozambique,-1.423945,7,2002
108,TKM,Turkmenistan,-1.464817,7,2002
109,MDG,Madagascar,-1.506726,1,2002
110,MRT,Mauritania,-1.520187,6,2002
111,KHM,Cambodia,-1.536785,2,2002
112,YEM,Yemen,-1.549367,9,2002
113,UGA,Uganda,-1.6227,-6,2002
114,ETH,Ethiopia,-1.63108,-5,2002
115,CMR,Cameroon,-1.656219,9,2002
116,SDN,Sudan,-1.66225,6,2002
117,TZA,Tanzania,-1.692134,-5,2002
118,COG,Congo,-1.706388,-7,2002
119,LAO,Lao PDR,-1.764227,-2,2002
120,NGA,Nigeria,-1.814488,5,2002
121,GHA,Ghana,-1.874088,-13,2002
122,PNG,Papua New Guinea,-1.953125,-4,2002
123,MWI,Malawi,-2.090045,-4,2002
124,AGO,Angola,-2.343167,-1,2002
125,GIN,Guinea,-2.465598,-5,2002
1,JPN,Japan,2.18891,0,2003
2,USA,United States,1.714672,0,2003
3,FIN,Finland,1.690121,0,2003
4,SWE,Sweden,1.606654,0,2003
5,CHE,Switzerland,1.58876,1,2003
6,GBR,United Kingdom,1.578824,-1,2003
7,KOR,"Korea, Rep.",1.571216,2,2003
8,NOR,Norway,1.518924,-1,2003
9,DEU,Germany,1.46771,1,2003
10,CZE,Czech Republic,1.453406,-2,2003
11,SVN,Slovenia,1.415961,0,2003
12,AUT,Austria,1.406629,0,2003
13,FRA,France,1.373338,0,2003
14,ITA,Italy,1.346443,0,2003
15,IRL,Ireland,1.270468,0,2003
16,CAN,Canada,1.258131,2,2003
17,DNK,Denmark,1.247912,-1,2003
18,SVK,Slovak Republic,1.233223,-1,2003
19,ISR,Israel,1.221747,0,2003
20,HUN,Hungary,1.203746,0,2003
21,SGP,Singapore,1.172421,2,2003
22,NLD,Netherlands,1.145044,0,2003
23,BEL,Belgium,1.133766,-2,2003
24,ESP,Spain,1.058681,0,2003
25,HKG,Hong Kong,1.011624,2,2003
26,POL,Poland,0.9737329,2,2003
27,RUS,Russia,0.9730721,-1,2003
28,BLR,Belarus,0.9473054,-3,2003
29,MEX,Mexico,0.8685323,1,2003
30,MYS,Malaysia,0.8667495,2,2003
31,UKR,Ukraine,0.8244469,-2,2003
32,NZL,New Zealand,0.7545269,-1,2003
33,EST,Estonia,0.7321178,1,2003
34,CHN,China,0.7320501,2,2003
35,ARE,United Arab Emirates,0.7096102,-2,2003
36,PRT,Portugal,0.6323303,3,2003
37,HRV,Croatia,0.5636442,0,2003
38,AUS,Australia,0.5176859,7,2003
39,QAT,Qatar,0.4920919,2,2003
40,BRA,Brazil,0.4643691,0,2003
41,LVA,Latvia,0.4447502,3,2003
42,SAU,Saudi Arabia,0.4066106,-7,2003
43,THA,Thailand,0.3915269,5,2003
44,ROU,Romania,0.3695909,5,2003
45,IND,India,0.367366,2,2003
46,BGR,Bulgaria,0.3591658,0,2003
47,VEN,Venezuela,0.332817,-5,2003
48,LTU,Lithuania,0.3154965,3,2003
49,GEO,Georgia,0.2777243,-6,2003
50,PAN,Panama,0.2543019,0,2003
51,TTO,Trinidad and Tobago,0.1998511,7,2003
52,KWT,Kuwait,0.1960889,-14,2003
53,ZAF,South Africa,0.1927047,7,2003
54,GRC,Greece,0.1887347,-1,2003
55,BIH,Bosnia and Herzegovina,0.1770459,-3,2003
56,LBN,Lebanon,0.1613962,0,2003
57,TUR,Turkey,0.1130126,2,2003
58,ARG,Argentina,0.1111219,-1,2003
59,URY,Uruguay,0.0804863,-4,2003
60,ALB,Albania,0.0197307,7,2003
61,PHL,Philippines,0.0024405,0,2003
62,COL,Colombia,-0.0032801,-8,2003
63,LBR,Liberia,-0.0530045,1,2003
64,MKD,Macedonia,-0.1156601,1,2003
65,LBY,Libya,-0.1163334,1,2003
66,IDN,Indonesia,-0.1501404,3,2003
67,CHL,Chile,-0.1647522,1,2003
68,MUS,Mauritius,-0.1823284,9,2003
69,MDA,Moldova,-0.1840594,4,2003
70,TUN,Tunisia,-0.2195089,5,2003
71,SLV,El Salvador,-0.2209545,3,2003
72,JOR,Jordan,-0.2647871,-10,2003
73,SEN,Senegal,-0.2938997,9,2003
74,KAZ,Kazakhstan,-0.3076412,-2,2003
75,CUB,Cuba,-0.340201,12,2003
76,CRI,Costa Rica,-0.3565053,-6,2003
77,KGZ,Kyrgyzstan,-0.3916232,-6,2003
78,AZE,Azerbaijan,-0.4304247,0,2003
79,DOM,Dominican Republic,-0.4626628,0,2003
80,EGY,Egypt,-0.4744412,-4,2003
81,IRN,Iran,-0.4791675,-1,2003
82,ZWE,Zimbabwe,-0.5082219,3,2003
83,GAB,Gabon,-0.5574952,10,2003
84,GTM,Guatemala,-0.5593551,-1,2003
85,OMN,Oman,-0.5899329,-22,2003
86,KEN,Kenya,-0.5940793,0,2003
87,VNM,Viet Nam,-0.6222523,-6,2003
88,PER,Peru,-0.6538934,3,2003
89,LKA,Sri Lanka,-0.694789,3,2003
90,UZB,Uzbekistan,-0.6999007,-1,2003
91,PAK,Pakistan,-0.7127661,5,2003
92,MAR,Morocco,-0.7936817,2,2003
93,SYR,Syrian Arab Republic,-0.7943151,7,2003
94,JAM,Jamaica,-0.8288815,-4,2003
95,CIV,Cote d'Ivoire,-0.9015706,9,2003
96,ZMB,Zambia,-0.9053348,-1,2003
97,HND,Honduras,-0.9984667,2,2003
98,PRY,Paraguay,-1.001195,-10,2003
99,BOL,Bolivia,-1.025793,4,2003
100,MNG,Mongolia,-1.02629,-2,2003
101,ECU,Ecuador,-1.108645,4,2003
102,NIC,Nicaragua,-1.129605,-5,2003
103,TJK,Tajikistan,-1.186279,-2,2003
104,DZA,Algeria,-1.233391,-20,2003
105,MOZ,Mozambique,-1.288419,2,2003
106,BGD,Bangladesh,-1.302958,0,2003
107,UGA,Uganda,-1.340459,6,2003
108,MLI,Mali,-1.377937,-6,2003
109,KHM,Cambodia,-1.434641,2,2003
110,ETH,Ethiopia,-1.463226,4,2003
111,GHA,Ghana,-1.471278,10,2003
112,MRT,Mauritania,-1.553429,-2,2003
113,TZA,Tanzania,-1.55674,4,2003
114,TKM,Turkmenistan,-1.568221,-6,2003
115,CMR,Cameroon,-1.56857,0,2003
116,MDG,Madagascar,-1.57639,-7,2003
117,LAO,Lao PDR,-1.64783,2,2003
118,SDN,Sudan,-1.728393,-2,2003
119,COG,Congo,-1.804618,-1,2003
120,MWI,Malawi,-1.845709,3,2003
121,PNG,Papua New Guinea,-1.970586,1,2003
122,YEM,Yemen,-2.133168,-10,2003
123,NGA,Nigeria,-2.289926,-3,2003
124,AGO,Angola,-2.586145,0,2003
125,GIN,Guinea,-2.821018,0,2003
1,JPN,Japan,2.242007,0,2004
2,USA,United States,1.724064,0,2004
3,FIN,Finland,1.700954,0,2004
4,KOR,"Korea, Rep.",1.638293,3,2004
5,GBR,United Kingdom,1.587584,1,2004
6,CHE,Switzerland,1.565786,-1,2004
7,SWE,Sweden,1.540375,-3,2004
8,NOR,Norway,1.499322,0,2004
9,CZE,Czech Republic,1.498694,1,2004
10,SVN,Slovenia,1.473184,1,2004
11,DEU,Germany,1.438684,-2,2004
12,FRA,France,1.370945,1,2004
13,AUT,Austria,1.368696,-1,2004
14,ITA,Italy,1.300833,0,2004
15,IRL,Ireland,1.272032,0,2004
16,ISR,Israel,1.236929,3,2004
17,DNK,Denmark,1.224416,0,2004
18,SVK,Slovak Republic,1.21028,0,2004
19,CAN,Canada,1.169502,-3,2004
20,HUN,Hungary,1.168972,0,2004
21,SGP,Singapore,1.165524,0,2004
22,NLD,Netherlands,1.11909,0,2004
23,BEL,Belgium,1.114119,0,2004
24,HKG,Hong Kong,1.086533,1,2004
25,ESP,Spain,1.042491,-1,2004
26,BLR,Belarus,0.9889929,2,2004
27,POL,Poland,0.965273,-1,2004
28,MYS,Malaysia,0.9306753,2,2004
29,MEX,Mexico,0.8556232,0,2004
30,RUS,Russia,0.8244322,-3,2004
31,ARE,United Arab Emirates,0.8226778,4,2004
32,CHN,China,0.7681606,2,2004
33,NZL,New Zealand,0.7514694,-1,2004
34,UKR,Ukraine,0.7493623,-3,2004
35,EST,Estonia,0.7415304,-2,2004
36,HRV,Croatia,0.6882501,1,2004
37,SAU,Saudi Arabia,0.6025221,5,2004
38,PRT,Portugal,0.5448249,-2,2004
39,KWT,Kuwait,0.4887333,13,2004
40,QAT,Qatar,0.4799191,-1,2004
41,LVA,Latvia,0.4658046,0,2004
42,LTU,Lithuania,0.4449267,6,2004
43,THA,Thailand,0.42719,0,2004
44,ROU,Romania,0.4015909,0,2004
45,BIH,Bosnia and Herzegovina,0.3530361,10,2004
46,BRA,Brazil,0.3369898,-6,2004
47,BGR,Bulgaria,0.326288,-1,2004
48,IND,India,0.3215512,-3,2004
49,AUS,Australia,0.2392587,-11,2004
50,GRC,Greece,0.2345116,4,2004
51,ZAF,South Africa,0.2056232,2,2004
52,TTO,Trinidad and Tobago,0.2003285,-1,2004
53,TUR,Turkey,0.2000932,4,2004
54,PAN,Panama,0.1985975,-4,2004
55,LBN,Lebanon,0.1741796,1,2004
56,LBR,Liberia,0.1643181,7,2004
57,ARG,Argentina,0.1222203,1,2004
58,GEO,Georgia,0.1126837,-9,2004
59,URY,Uruguay,0.093927,0,2004
60,PHL,Philippines,-0.0481033,1,2004
61,VEN,Venezuela,-0.0724022,-14,2004
62,COL,Colombia,-0.1175935,0,2004
63,MKD,Macedonia,-0.1464741,1,2004
64,TUN,Tunisia,-0.1572745,6,2004
65,SLV,El Salvador,-0.15986,6,2004
66,OMN,Oman,-0.1638481,19,2004
67,JOR,Jordan,-0.1747556,5,2004
68,CHL,Chile,-0.1839837,-1,2004
69,CRI,Costa Rica,-0.2076315,7,2004
70,CUB,Cuba,-0.2085488,5,2004
71,IDN,Indonesia,-0.212685,-5,2004
72,ALB,Albania,-0.2209805,-12,2004
73,MUS,Mauritius,-0.2259996,-5,2004
74,KAZ,Kazakhstan,-0.2817191,0,2004
75,MDA,Moldova,-0.3143163,-6,2004
76,KGZ,Kyrgyzstan,-0.3983313,1,2004
77,IRN,Iran,-0.4002427,4,2004
78,LBY,Libya,-0.4092142,-13,2004
79,SEN,Senegal,-0.420117,-6,2004
80,EGY,Egypt,-0.4627529,0,2004
81,VNM,Viet Nam,-0.526637,6,2004
82,GTM,Guatemala,-0.5324886,2,2004
83,DOM,Dominican Republic,-0.60451,-4,2004
84,AZE,Azerbaijan,-0.6112687,-6,2004
85,PAK,Pakistan,-0.6293643,6,2004
86,DZA,Algeria,-0.6504798,18,2004
87,SYR,Syrian Arab Republic,-0.6541833,6,2004
88,LKA,Sri Lanka,-0.6639691,1,2004
89,PER,Peru,-0.7211208,-1,2004
90,JAM,Jamaica,-0.725507,4,2004
91,ZWE,Zimbabwe,-0.7377632,-9,2004
92,KEN,Kenya,-0.7707119,-6,2004
93,MAR,Morocco,-0.7918999,-1,2004
94,UZB,Uzbekistan,-0.8441186,-4,2004
95,PRY,Paraguay,-0.8510517,3,2004
96,GAB,Gabon,-0.8515203,-13,2004
97,TJK,Tajikistan,-0.9870104,6,2004
98,HND,Honduras,-1.024694,-1,2004
99,AGO,Angola,-1.117268,25,2004
100,BOL,Bolivia,-1.135884,-1,2004
101,MNG,Mongolia,-1.189873,-1,2004
102,NIC,Nicaragua,-1.203905,0,2004
103,MLI,Mali,-1.218485,5,2004
104,TKM,Turkmenistan,-1.236634,10,2004
105,BGD,Bangladesh,-1.272056,1,2004
106,CIV,Cote d'Ivoire,-1.279072,-11,2004
107,ZMB,Zambia,-1.312072,-11,2004
108,UGA,Uganda,-1.321085,-1,2004
109,ECU,Ecuador,-1.331201,-8,2004
110,ETH,Ethiopia,-1.451382,0,2004
111,TZA,Tanzania,-1.493306,2,2004
112,LAO,Lao PDR,-1.528229,5,2004
113,KHM,Cambodia,-1.551897,-4,2004
114,YEM,Yemen,-1.562538,8,2004
115,MOZ,Mozambique,-1.568422,-10,2004
116,COG,Congo,-1.574999,3,2004
117,MDG,Madagascar,-1.600326,-1,2004
118,GHA,Ghana,-1.753303,-7,2004
119,SDN,Sudan,-1.834605,-1,2004
120,MRT,Mauritania,-1.991414,-8,2004
121,MWI,Malawi,-1.992547,-1,2004
122,CMR,Cameroon,-1.993429,-7,2004
123,PNG,Papua New Guinea,-2.014469,-2,2004
124,GIN,Guinea,-2.066995,1,2004
125,NGA,Nigeria,-3.098464,-2,2004
1,JPN,Japan,2.159344,0,2005
2,KOR,"Korea, Rep.",1.665399,2,2005
3,USA,United States,1.656193,-1,2005
4,FIN,Finland,1.654781,-1,2005
5,GBR,United Kingdom,1.534226,0,2005
6,CHE,Switzerland,1.519538,0,2005
7,CZE,Czech Republic,1.5114,2,2005
8,SWE,Sweden,1.473832,-1,2005
9,SVN,Slovenia,1.406078,1,2005
10,NOR,Norway,1.390715,-2,2005
11,DEU,Germany,1.389964,0,2005
12,ISR,Israel,1.361134,4,2005
13,FRA,France,1.360726,-1,2005
14,AUT,Austria,1.299751,-1,2005
15,SVK,Slovak Republic,1.269615,3,2005
16,IRL,Ireland,1.269535,-1,2005
17,ITA,Italy,1.238036,-3,2005
18,CAN,Canada,1.171819,1,2005
19,SGP,Singapore,1.170919,2,2005
20,HUN,Hungary,1.163724,0,2005
21,DNK,Denmark,1.141201,-4,2005
22,BEL,Belgium,1.107767,1,2005
23,HKG,Hong Kong,1.062607,1,2005
24,NLD,Netherlands,1.057106,-2,2005
25,ESP,Spain,1.053444,0,2005
26,BLR,Belarus,1.000003,0,2005
27,POL,Poland,0.9688632,0,2005
28,MEX,Mexico,0.9636895,1,2005
29,ARE,United Arab Emirates,0.9179069,2,2005
30,MYS,Malaysia,0.8826279,-2,2005
31,EST,Estonia,0.8824046,4,2005
32,CHN,China,0.8457132,0,2005
33,RUS,Russia,0.7919414,-3,2005
34,NZL,New Zealand,0.7893126,-1,2005
35,HRV,Croatia,0.7402815,1,2005
36,QAT,Qatar,0.6851236,4,2005
37,PRT,Portugal,0.677124,1,2005
38,SAU,Saudi Arabia,0.6740204,-1,2005
39,UKR,Ukraine,0.6692048,-5,2005
40,THA,Thailand,0.5943204,3,2005
41,LVA,Latvia,0.5123374,0,2005
42,LTU,Lithuania,0.4613772,0,2005
43,ROU,Romania,0.455794,1,2005
44,BRA,Brazil,0.4459739,2,2005
45,KWT,Kuwait,0.4453383,-6,2005
46,LBN,Lebanon,0.3714166,9,2005
47,BGR,Bulgaria,0.3493025,0,2005
48,AUS,Australia,0.3460273,1,2005
49,TUR,Turkey,0.3222557,4,2005
50,IND,India,0.3211584,-2,2005
51,TTO,Trinidad and Tobago,0.2945343,1,2005
52,URY,Uruguay,0.2733672,7,2005
53,BIH,Bosnia and Herzegovina,0.2727542,-8,2005
54,ARG,Argentina,0.2229802,3,2005
55,GRC,Greece,0.2162141,-5,2005
56,VEN,Venezuela,0.2139752,5,2005
57,ZAF,South Africa,0.1841782,-6,2005
58,PAN,Panama,0.1403263,-4,2005
59,PHL,Philippines,0.0894336,1,2005
60,GEO,Georgia,0.0114371,-2,2005
61,CUB,Cuba,-0.0077015,9,2005
62,JOR,Jordan,-0.0154426,5,2005
63,OMN,Oman,-0.0222229,3,2005
64,MDA,Moldova,-0.034688,11,2005
65,TUN,Tunisia,-0.0745049,-1,2005
66,MKD,Macedonia,-0.0781398,-3,2005
67,COL,Colombia,-0.1044121,-5,2005
68,CHL,Chile,-0.1892781,0,2005
69,IDN,Indonesia,-0.1906446,2,2005
70,CRI,Costa Rica,-0.1922614,-1,2005
71,MUS,Mauritius,-0.2223397,2,2005
72,ALB,Albania,-0.2365332,0,2005
73,SLV,El Salvador,-0.2375917,-8,2005
74,EGY,Egypt,-0.2537985,6,2005
75,IRN,Iran,-0.2766661,2,2005
76,KAZ,Kazakhstan,-0.276675,-2,2005
77,KGZ,Kyrgyzstan,-0.3436812,-1,2005
78,SEN,Senegal,-0.3737787,1,2005
79,LBY,Libya,-0.397885,-1,2005
80,DOM,Dominican Republic,-0.4282756,3,2005
81,GTM,Guatemala,-0.4897571,1,2005
82,PAK,Pakistan,-0.5133826,3,2005
83,SYR,Syrian Arab Republic,-0.5260918,4,2005
84,AZE,Azerbaijan,-0.5721957,0,2005
85,MAR,Morocco,-0.5822844,8,2005
86,VNM,Viet Nam,-0.5841091,-5,2005
87,DZA,Algeria,-0.5917529,-1,2005
88,LBR,Liberia,-0.600384,-32,2005
89,UZB,Uzbekistan,-0.6114289,5,2005
90,KEN,Kenya,-0.6261559,2,2005
91,PER,Peru,-0.6299043,-2,2005
92,JAM,Jamaica,-0.6542309,-2,2005
93,ZWE,Zimbabwe,-0.7016503,-2,2005
94,LKA,Sri Lanka,-0.7084509,-6,2005
95,TJK,Tajikistan,-0.874741,2,2005
96,PRY,Paraguay,-0.8778077,-1,2005
97,HND,Honduras,-0.8978315,1,2005
98,MNG,Mongolia,-0.9955825,3,2005
99,BGD,Bangladesh,-1.089131,6,2005
100,CIV,Cote d'Ivoire,-1.091549,6,2005
101,BOL,Bolivia,-1.094959,-1,2005
102,ECU,Ecuador,-1.159263,7,2005
103,UGA,Uganda,-1.178642,5,2005
104,NIC,Nicaragua,-1.20908,-2,2005
105,MDG,Madagascar,-1.261276,12,2005
106,ZMB,Zambia,-1.264589,1,2005
107,TKM,Turkmenistan,-1.397089,-3,2005
108,GHA,Ghana,-1.425716,10,2005
109,TZA,Tanzania,-1.445769,2,2005
110,LAO,Lao PDR,-1.457072,2,2005
111,KHM,Cambodia,-1.474173,2,2005
112,MLI,Mali,-1.484732,-9,2005
113,ETH,Ethiopia,-1.547909,-3,2005
114,GAB,Gabon,-1.638982,-18,2005
115,COG,Congo,-1.678814,1,2005
116,YEM,Yemen,-1.6801,-2,2005
117,MOZ,Mozambique,-1.68277,-2,2005
118,CMR,Cameroon,-1.812132,4,2005
119,MWI,Malawi,-1.834576,2,2005
120,SDN,Sudan,-1.876568,-1,2005
121,MRT,Mauritania,-1.947543,-1,2005
122,GIN,Guinea,-2.044051,2,2005
123,PNG,Papua New Guinea,-2.098622,0,2005
124,AGO,Angola,-2.160911,-25,2005
125,NGA,Nigeria,-3.002683,0,2005
1,JPN,Japan,2.040251,0,2006
2,KOR,"Korea, Rep.",1.655945,0,2006
3,FIN,Finland,1.55658,1,2006
4,USA,United States,1.51998,-1,2006
5,GBR,United Kingdom,1.457057,0,2006
6,CHE,Switzerland,1.445444,0,2006
7,CZE,Czech Republic,1.410858,0,2006
8,SWE,Sweden,1.400511,0,2006
9,NOR,Norway,1.322967,1,2006
10,DEU,Germany,1.297834,1,2006
11,SVN,Slovenia,1.263489,-2,2006
12,AUT,Austria,1.226137,2,2006
13,ISR,Israel,1.224089,-1,2006
14,FRA,France,1.221564,-1,2006
15,IRL,Ireland,1.216183,1,2006
16,HUN,Hungary,1.19297,4,2006
17,SVK,Slovak Republic,1.172573,-2,2006
18,ITA,Italy,1.14475,-1,2006
19,SGP,Singapore,1.109962,0,2006
20,DNK,Denmark,1.101434,1,2006
21,CAN,Canada,1.07903,-3,2006
22,BEL,Belgium,1.014758,0,2006
23,HKG,Hong Kong,0.9907507,0,2006
24,BLR,Belarus,0.9669842,2,2006
25,NLD,Netherlands,0.9666668,-1,2006
26,ESP,Spain,0.9339721,-1,2006
27,POL,Poland,0.8956184,0,2006
28,CHN,China,0.8726251,4,2006
29,MEX,Mexico,0.8596258,-1,2006
30,EST,Estonia,0.8583935,1,2006
31,MYS,Malaysia,0.8496684,-1,2006
32,RUS,Russia,0.7191808,1,2006
33,NZL,New Zealand,0.6943871,1,2006
34,HRV,Croatia,0.6936355,1,2006
35,PRT,Portugal,0.6080542,2,2006
36,UKR,Ukraine,0.6006202,3,2006
37,ROU,Romania,0.572444,6,2006
38,LVA,Latvia,0.529797,3,2006
39,THA,Thailand,0.5213875,1,2006
40,LTU,Lithuania,0.4600383,2,2006
41,ARE,United Arab Emirates,0.4479279,-12,2006
42,PAN,Panama,0.4466376,16,2006
43,QAT,Qatar,0.4368395,-7,2006
44,SAU,Saudi Arabia,0.4292982,-6,2006
45,BRA,Brazil,0.3959189,-1,2006
46,BGR,Bulgaria,0.3843305,1,2006
47,TUR,Turkey,0.3254041,2,2006
48,BIH,Bosnia and Herzegovina,0.3103988,5,2006
49,IND,India,0.269688,1,2006
50,LBN,Lebanon,0.2672941,-4,2006
51,AUS,Australia,0.218366,-3,2006
52,KWT,Kuwait,0.2016554,-7,2006
53,PHL,Philippines,0.1869704,6,2006
54,ZAF,South Africa,0.1736837,3,2006
55,TTO,Trinidad and Tobago,0.1494154,-4,2006
56,GRC,Greece,0.1467413,-1,2006
57,URY,Uruguay,0.0932735,-5,2006
58,ARG,Argentina,0.0867254,-4,2006
59,CUB,Cuba,0.057217,2,2006
60,JOR,Jordan,0.0067202,2,2006
61,GEO,Georgia,-0.0178733,-1,2006
62,TUN,Tunisia,-0.0186745,3,2006
63,COL,Colombia,-0.0278036,4,2006
64,CRI,Costa Rica,-0.0551296,6,2006
65,MDA,Moldova,-0.0647135,-1,2006
66,OMN,Oman,-0.0700485,-3,2006
67,SLV,El Salvador,-0.0860069,6,2006
68,MUS,Mauritius,-0.1553187,3,2006
69,MKD,Macedonia,-0.1611407,-3,2006
70,CHL,Chile,-0.182049,-2,2006
71,KGZ,Kyrgyzstan,-0.2064006,6,2006
72,IDN,Indonesia,-0.2141702,-3,2006
73,KAZ,Kazakhstan,-0.2218617,3,2006
74,VEN,Venezuela,-0.2584808,-18,2006
75,EGY,Egypt,-0.259805,-1,2006
76,ALB,Albania,-0.3412237,-4,2006
77,GTM,Guatemala,-0.3414234,4,2006
78,LBY,Libya,-0.3891726,1,2006
79,PAK,Pakistan,-0.3958066,3,2006
80,VNM,Viet Nam,-0.4101749,6,2006
81,DOM,Dominican Republic,-0.4189527,-1,2006
82,KEN,Kenya,-0.4756669,8,2006
83,SEN,Senegal,-0.4772126,-5,2006
84,IRN,Iran,-0.4911428,-9,2006
85,JAM,Jamaica,-0.5337145,7,2006
86,MAR,Morocco,-0.5384269,-1,2006
87,SYR,Syrian Arab Republic,-0.5741498,-4,2006
88,LKA,Sri Lanka,-0.6315695,6,2006
89,AZE,Azerbaijan,-0.6431196,-5,2006
90,ZWE,Zimbabwe,-0.6462657,3,2006
91,PRY,Paraguay,-0.6489785,5,2006
92,ZMB,Zambia,-0.6621711,14,2006
93,UZB,Uzbekistan,-0.6781152,-4,2006
94,PER,Peru,-0.7147296,-3,2006
95,DZA,Algeria,-0.7179164,-8,2006
96,HND,Honduras,-0.791245,1,2006
97,UGA,Uganda,-1.067201,6,2006
98,LBR,Liberia,-1.08036,-10,2006
99,BOL,Bolivia,-1.105061,2,2006
100,ECU,Ecuador,-1.116575,2,2006
101,NIC,Nicaragua,-1.136817,3,2006
102,BGD,Bangladesh,-1.156746,-3,2006
103,CIV,Cote d'Ivoire,-1.234723,-3,2006
104,TJK,Tajikistan,-1.260857,-9,2006
105,MLI,Mali,-1.266049,7,2006
106,MDG,Madagascar,-1.278319,-1,2006
107,MNG,Mongolia,-1.283152,-9,2006
108,TZA,Tanzania,-1.317149,1,2006
109,TKM,Turkmenistan,-1.328134,-2,2006
110,GHA,Ghana,-1.345873,-2,2006
111,ETH,Ethiopia,-1.370901,2,2006
112,MOZ,Mozambique,-1.385701,5,2006
113,LAO,Lao PDR,-1.391468,-3,2006
114,KHM,Cambodia,-1.419696,-3,2006
115,MWI,Malawi,-1.568512,4,2006
116,YEM,Yemen,-1.614575,0,2006
117,CMR,Cameroon,-1.645816,1,2006
118,GIN,Guinea,-1.894732,4,2006
119,COG,Congo,-1.898934,-4,2006
120,GAB,Gabon,-2.129973,-6,2006
121,SDN,Sudan,-2.177446,-1,2006
122,MRT,Mauritania,-2.232111,-1,2006
123,NGA,Nigeria,-2.452031,2,2006
124,AGO,Angola,-2.536001,0,2006
125,PNG,Papua New Guinea,-2.564967,-2,2006
1,JPN,Japan,2.138268,0,2007
2,KOR,"Korea, Rep.",1.685796,0,2007
3,FIN,Finland,1.623621,0,2007
4,USA,United States,1.611629,0,2007
5,GBR,United Kingdom,1.518173,0,2007
6,CHE,Switzerland,1.505525,0,2007
7,CZE,Czech Republic,1.459109,0,2007
8,SWE,Sweden,1.428623,0,2007
9,DEU,Germany,1.355792,1,2007
10,NOR,Norway,1.350517,-1,2007
11,SVN,Slovenia,1.342383,0,2007
12,AUT,Austria,1.296568,0,2007
13,IRL,Ireland,1.286605,2,2007
14,FRA,France,1.286528,0,2007
15,HUN,Hungary,1.214036,1,2007
16,SVK,Slovak Republic,1.213646,1,2007
17,SGP,Singapore,1.209049,2,2007
18,ITA,Italy,1.197222,0,2007
19,ISR,Israel,1.149859,-6,2007
20,DNK,Denmark,1.122677,0,2007
21,CAN,Canada,1.101142,0,2007
22,HKG,Hong Kong,1.017899,1,2007
23,NLD,Netherlands,1.017425,2,2007
24,BEL,Belgium,1.009751,-2,2007
25,BLR,Belarus,1.004314,-1,2007
26,POL,Poland,0.9940596,1,2007
27,ESP,Spain,0.9634326,-1,2007
28,QAT,Qatar,0.9254408,15,2007
29,CHN,China,0.9144188,-1,2007
30,EST,Estonia,0.9044583,0,2007
31,MEX,Mexico,0.8986623,-2,2007
32,MYS,Malaysia,0.8298451,-1,2007
33,ARE,United Arab Emirates,0.694795,8,2007
34,UKR,Ukraine,0.6922544,2,2007
35,ROU,Romania,0.6901052,2,2007
36,HRV,Croatia,0.6866829,-2,2007
37,PRT,Portugal,0.6552718,-2,2007
38,RUS,Russia,0.5938284,-6,2007
39,THA,Thailand,0.5912474,0,2007
40,SAU,Saudi Arabia,0.5797741,4,2007
41,NZL,New Zealand,0.5718079,-8,2007
42,LVA,Latvia,0.5607875,-4,2007
43,LTU,Lithuania,0.5600805,-3,2007
44,KWT,Kuwait,0.5250268,8,2007
45,PAN,Panama,0.4629604,-3,2007
46,LBN,Lebanon,0.4472681,4,2007
47,BGR,Bulgaria,0.3851294,-1,2007
48,BRA,Brazil,0.3624668,-3,2007
49,TUR,Turkey,0.3181936,-2,2007
50,BIH,Bosnia and Herzegovina,0.268858,-2,2007
51,AUS,Australia,0.2380752,0,2007
52,IND,India,0.1889751,-3,2007
53,GRC,Greece,0.1630327,3,2007
54,ZAF,South Africa,0.1499407,0,2007
55,JOR,Jordan,0.1106429,5,2007
56,TTO,Trinidad and Tobago,0.1081087,-1,2007
57,URY,Uruguay,0.0764194,0,2007
58,TUN,Tunisia,0.0635047,4,2007
59,OMN,Oman,0.0427061,7,2007
60,PHL,Philippines,0.0245203,-7,2007
61,MDA,Moldova,-0.0153834,4,2007
62,COL,Colombia,-0.0405539,1,2007
63,ARG,Argentina,-0.0416305,-5,2007
64,CRI,Costa Rica,-0.1176073,0,2007
65,SLV,El Salvador,-0.155477,2,2007
66,GEO,Georgia,-0.1727221,-5,2007
67,IDN,Indonesia,-0.2290178,5,2007
68,VEN,Venezuela,-0.2396781,6,2007
69,EGY,Egypt,-0.2611693,6,2007
70,MKD,Macedonia,-0.2709372,-1,2007
71,SEN,Senegal,-0.2782893,12,2007
72,CHL,Chile,-0.3338257,-2,2007
73,MUS,Mauritius,-0.3575659,-5,2007
74,KAZ,Kazakhstan,-0.3651088,-1,2007
75,DOM,Dominican Republic,-0.3741177,6,2007
76,VNM,Viet Nam,-0.3747759,4,2007
77,ALB,Albania,-0.3830225,-1,2007
78,KGZ,Kyrgyzstan,-0.4339477,-7,2007
79,DZA,Algeria,-0.4447979,16,2007
80,GTM,Guatemala,-0.4563003,-3,2007
81,SYR,Syrian Arab Republic,-0.5058249,6,2007
82,PAK,Pakistan,-0.5317152,-3,2007
83,LBY,Libya,-0.5917046,-5,2007
84,KEN,Kenya,-0.6163538,-2,2007
85,ZWE,Zimbabwe,-0.655683,5,2007
86,MAR,Morocco,-0.6573928,0,2007
87,LKA,Sri Lanka,-0.6740745,1,2007
88,ZMB,Zambia,-0.7043557,4,2007
89,PER,Peru,-0.7418491,5,2007
90,UZB,Uzbekistan,-0.7438023,3,2007
91,PRY,Paraguay,-0.7614736,0,2007
92,CUB,Cuba,-0.7616566,-33,2007
93,HND,Honduras,-0.815164,3,2007
94,JAM,Jamaica,-0.8694732,-9,2007
95,LBR,Liberia,-0.8811035,3,2007
96,IRN,Iran,-0.9626632,-12,2007
97,GAB,Gabon,-0.9775444,23,2007
98,UGA,Uganda,-1.058239,-1,2007
99,AZE,Azerbaijan,-1.093466,-10,2007
100,BGD,Bangladesh,-1.146928,2,2007
101,TZA,Tanzania,-1.14758,7,2007
102,ECU,Ecuador,-1.154564,-2,2007
103,BOL,Bolivia,-1.236597,-4,2007
104,CMR,Cameroon,-1.237855,13,2007
105,MDG,Madagascar,-1.257398,1,2007
106,NIC,Nicaragua,-1.257563,-5,2007
107,GHA,Ghana,-1.265103,3,2007
108,ETH,Ethiopia,-1.292509,3,2007
109,TKM,Turkmenistan,-1.29754,0,2007
110,CIV,Cote d'Ivoire,-1.410471,-7,2007
111,KHM,Cambodia,-1.411537,3,2007
112,TJK,Tajikistan,-1.417168,-8,2007
113,LAO,Lao PDR,-1.431961,0,2007
114,MOZ,Mozambique,-1.465481,-2,2007
115,MNG,Mongolia,-1.553106,-8,2007
116,AGO,Angola,-1.560993,8,2007
117,YEM,Yemen,-1.57448,-1,2007
118,MLI,Mali,-1.598631,-13,2007
119,MWI,Malawi,-1.730087,-4,2007
120,NGA,Nigeria,-1.982973,3,2007
121,COG,Congo,-2.005596,-2,2007
122,GIN,Guinea,-2.04872,-4,2007
123,PNG,Papua New Guinea,-2.44969,2,2007
124,SDN,Sudan,-2.451248,-3,2007
125,MRT,Mauritania,-2.462874,-3,2007
1,JPN,Japan,2.051257,0,2008
2,KOR,"Korea, Rep.",1.581883,0,2008
3,GBR,United Kingdom,1.500372,2,2008
4,USA,United States,1.477315,0,2008
5,FIN,Finland,1.471609,-2,2008
6,CHE,Switzerland,1.431519,0,2008
7,SVN,Slovenia,1.37719,4,2008
8,CZE,Czech Republic,1.365448,-1,2008
9,SWE,Sweden,1.363995,-1,2008
10,DEU,Germany,1.298042,-1,2008
11,NOR,Norway,1.284774,-1,2008
12,FRA,France,1.256754,2,2008
13,IRL,Ireland,1.23791,0,2008
14,SVK,Slovak Republic,1.237602,2,2008
15,AUT,Austria,1.218096,-3,2008
16,HUN,Hungary,1.208097,-1,2008
17,SGP,Singapore,1.172668,0,2008
18,ITA,Italy,1.160556,0,2008
19,DNK,Denmark,1.101375,1,2008
20,ISR,Israel,1.097687,-1,2008
21,BLR,Belarus,1.044323,4,2008
22,CAN,Canada,1.030185,-1,2008
23,BEL,Belgium,0.9961353,1,2008
24,CHN,China,0.9890811,5,2008
25,HKG,Hong Kong,0.9756582,-3,2008
26,NLD,Netherlands,0.973886,-3,2008
27,POL,Poland,0.9619496,-1,2008
28,ESP,Spain,0.9351261,-1,2008
29,MYS,Malaysia,0.8589556,3,2008
30,MEX,Mexico,0.8258754,1,2008
31,ROU,Romania,0.7909228,4,2008
32,HRV,Croatia,0.7727403,4,2008
33,EST,Estonia,0.7684183,-3,2008
34,QAT,Qatar,0.736045,-6,2008
35,RUS,Russia,0.6904861,3,2008
36,ARE,United Arab Emirates,0.6666033,-3,2008
37,THA,Thailand,0.6304291,2,2008
38,UKR,Ukraine,0.6142898,-4,2008
39,LVA,Latvia,0.6054038,3,2008
40,PRT,Portugal,0.6003691,-3,2008
41,LTU,Lithuania,0.590427,2,2008
42,NZL,New Zealand,0.554687,-1,2008
43,PAN,Panama,0.548062,2,2008
44,KWT,Kuwait,0.5253831,0,2008
45,BIH,Bosnia and Herzegovina,0.4532165,5,2008
46,BGR,Bulgaria,0.4162154,1,2008
47,LBN,Lebanon,0.3929939,-1,2008
48,TUR,Turkey,0.3313626,1,2008
49,SAU,Saudi Arabia,0.3266734,-9,2008
50,AUS,Australia,0.2680131,1,2008
51,GRC,Greece,0.1969652,2,2008
52,BRA,Brazil,0.1857965,-4,2008
53,ZAF,South Africa,0.1449988,1,2008
54,IND,India,0.1334224,-2,2008
55,URY,Uruguay,0.1262331,2,2008
56,ARG,Argentina,0.1128797,7,2008
57,MDA,Moldova,0.0962342,4,2008
58,JOR,Jordan,0.0838592,-3,2008
59,TTO,Trinidad and Tobago,0.0646205,-3,2008
60,COL,Colombia,0.050686,2,2008
61,TUN,Tunisia,0.0111415,-3,2008
62,PHL,Philippines,-0.0021115,-2,2008
63,VEN,Venezuela,-0.013443,5,2008
64,OMN,Oman,-0.0579524,-5,2008
65,CRI,Costa Rica,-0.0895932,-1,2008
66,SLV,El Salvador,-0.1094313,-1,2008
67,EGY,Egypt,-0.1181359,2,2008
68,MKD,Macedonia,-0.1716234,2,2008
69,IDN,Indonesia,-0.2422374,-2,2008
70,KAZ,Kazakhstan,-0.3117113,4,2008
71,MUS,Mauritius,-0.3138158,2,2008
72,SYR,Syrian Arab Republic,-0.3145174,9,2008
73,VNM,Viet Nam,-0.320477,3,2008
74,DOM,Dominican Republic,-0.3273261,1,2008
75,CUB,Cuba,-0.3420981,17,2008
76,CHL,Chile,-0.3537829,-4,2008
77,ALB,Albania,-0.3857554,0,2008
78,DZA,Algeria,-0.4250225,1,2008
79,KGZ,Kyrgyzstan,-0.4293276,-1,2008
80,ZWE,Zimbabwe,-0.4352976,5,2008
81,PAK,Pakistan,-0.4420487,1,2008
82,GTM,Guatemala,-0.4452344,-2,2008
83,GEO,Georgia,-0.5260291,-17,2008
84,KEN,Kenya,-0.5329876,0,2008
85,LBY,Libya,-0.5729992,-2,2008
86,JAM,Jamaica,-0.6033003,8,2008
87,MAR,Morocco,-0.6246542,-1,2008
88,LKA,Sri Lanka,-0.6297926,-1,2008
89,SEN,Senegal,-0.6308504,-18,2008
90,PER,Peru,-0.639128,-1,2008
91,UZB,Uzbekistan,-0.6468113,-1,2008
92,PRY,Paraguay,-0.7075521,-1,2008
93,HND,Honduras,-0.8015032,0,2008
94,LBR,Liberia,-0.8606905,1,2008
95,IRN,Iran,-0.8988002,1,2008
96,UGA,Uganda,-0.9893184,2,2008
97,TZA,Tanzania,-1.036478,4,2008
98,NIC,Nicaragua,-1.075911,8,2008
99,AZE,Azerbaijan,-1.084954,0,2008
100,BOL,Bolivia,-1.087228,3,2008
101,TKM,Turkmenistan,-1.091816,8,2008
102,ZMB,Zambia,-1.092373,-14,2008
103,GAB,Gabon,-1.10386,-6,2008
104,ECU,Ecuador,-1.140246,-2,2008
105,TJK,Tajikistan,-1.205868,7,2008
106,MLI,Mali,-1.261645,12,2008
107,MDG,Madagascar,-1.270977,-2,2008
108,MNG,Mongolia,-1.293654,7,2008
109,CIV,Cote d'Ivoire,-1.337086,1,2008
110,KHM,Cambodia,-1.361829,1,2008
111,MWI,Malawi,-1.376589,8,2008
112,GHA,Ghana,-1.380176,-5,2008
113,LAO,Lao PDR,-1.406906,0,2008
114,CMR,Cameroon,-1.416535,-10,2008
115,YEM,Yemen,-1.466353,2,2008
116,ETH,Ethiopia,-1.473758,-8,2008
117,BGD,Bangladesh,-1.492162,-17,2008
118,MOZ,Mozambique,-1.774157,-4,2008
119,GIN,Guinea,-2.01786,3,2008
120,COG,Congo,-2.236966,1,2008
121,SDN,Sudan,-2.250219,3,2008
122,PNG,Papua New Guinea,-2.264554,1,2008
123,MRT,Mauritania,-2.297996,2,2008
124,AGO,Angola,-2.453849,-8,2008
125,NGA,Nigeria,-2.638241,-5,2008
1,JPN,Japan,2.071451,0,2009
2,KOR,"Korea, Rep.",1.59409,0,2009
3,FIN,Finland,1.533407,2,2009
4,GBR,United Kingdom,1.526603,-1,2009
5,USA,United States,1.502103,-1,2009
6,CHE,Switzerland,1.450929,0,2009
7,SWE,Sweden,1.387313,2,2009
8,NOR,Norway,1.355603,3,2009
9,SVN,Slovenia,1.342372,-2,2009
10,CZE,Czech Republic,1.332965,-2,2009
11,FRA,France,1.254782,1,2009
12,DEU,Germany,1.248637,-2,2009
13,AUT,Austria,1.208971,2,2009
14,HUN,Hungary,1.189127,2,2009
15,SVK,Slovak Republic,1.154951,-1,2009
16,SGP,Singapore,1.148711,1,2009
17,ITA,Italy,1.145763,1,2009
18,IRL,Ireland,1.140412,-5,2009
19,DNK,Denmark,1.058128,0,2009
20,POL,Poland,1.051036,7,2009
21,CAN,Canada,1.025118,1,2009
22,ISR,Israel,1.019683,-2,2009
23,QAT,Qatar,1.005359,11,2009
24,HKG,Hong Kong,0.9978547,1,2009
25,BLR,Belarus,0.9602806,-4,2009
26,BEL,Belgium,0.951969,-3,2009
27,NLD,Netherlands,0.9492484,-1,2009
28,CHN,China,0.9181862,-4,2009
29,ESP,Spain,0.9048243,-1,2009
30,MYS,Malaysia,0.875442,-1,2009
31,MEX,Mexico,0.7676126,-1,2009
32,EST,Estonia,0.7655132,1,2009
33,ROU,Romania,0.7272068,-2,2009
34,HRV,Croatia,0.7156156,-2,2009
35,RUS,Russia,0.6763984,0,2009
36,KWT,Kuwait,0.5858197,8,2009
37,LVA,Latvia,0.5744675,2,2009
38,THA,Thailand,0.5711156,-1,2009
39,PRT,Portugal,0.5409818,1,2009
40,UKR,Ukraine,0.4829442,-2,2009
41,PAN,Panama,0.4794228,2,2009
42,LTU,Lithuania,0.4404892,-1,2009
43,NZL,New Zealand,0.3816362,-1,2009
44,ARE,United Arab Emirates,0.3758478,-8,2009
45,BIH,Bosnia and Herzegovina,0.3694104,0,2009
46,SAU,Saudi Arabia,0.3523977,3,2009
47,BGR,Bulgaria,0.3473452,-1,2009
48,TUR,Turkey,0.2794597,0,2009
49,LBN,Lebanon,0.2191527,-2,2009
50,AUS,Australia,0.1499357,0,2009
51,IND,India,0.1368274,3,2009
52,GRC,Greece,0.1309421,-1,2009
53,ZAF,South Africa,0.115365,0,2009
54,CUB,Cuba,0.088525,21,2009
55,COL,Colombia,0.0808135,5,2009
56,BRA,Brazil,0.0557829,-4,2009
57,VEN,Venezuela,0.0232194,6,2009
58,TUN,Tunisia,0.008847,3,2009
59,URY,Uruguay,0.0005886,-4,2009
60,ARG,Argentina,-0.0595762,-4,2009
61,PHL,Philippines,-0.0692778,1,2009
62,TTO,Trinidad and Tobago,-0.0940547,-3,2009
63,MDA,Moldova,-0.1116387,-6,2009
64,OMN,Oman,-0.132766,0,2009
65,JOR,Jordan,-0.1684432,-7,2009
66,SLV,El Salvador,-0.2333306,0,2009
67,MKD,Macedonia,-0.2440324,1,2009
68,MUS,Mauritius,-0.2708443,3,2009
69,JAM,Jamaica,-0.2812221,17,2009
70,EGY,Egypt,-0.3167358,-3,2009
71,IDN,Indonesia,-0.3394435,-2,2009
72,GEO,Georgia,-0.345176,11,2009
73,VNM,Viet Nam,-0.3624739,0,2009
74,LBY,Libya,-0.3897189,11,2009
75,CRI,Costa Rica,-0.4120324,-10,2009
76,SYR,Syrian Arab Republic,-0.4587452,-4,2009
77,CHL,Chile,-0.4858566,-1,2009
78,ALB,Albania,-0.4908973,-1,2009
79,DOM,Dominican Republic,-0.5334757,-5,2009
80,KGZ,Kyrgyzstan,-0.5419644,-1,2009
81,KEN,Kenya,-0.5886476,3,2009
82,PAK,Pakistan,-0.5970652,-1,2009
83,GTM,Guatemala,-0.6113014,-1,2009
84,LBR,Liberia,-0.6177747,10,2009
85,DZA,Algeria,-0.652809,-7,2009
86,MAR,Morocco,-0.7052028,1,2009
87,LKA,Sri Lanka,-0.7440698,1,2009
88,SEN,Senegal,-0.7635634,1,2009
89,UGA,Uganda,-0.7691956,7,2009
90,PER,Peru,-0.8321889,0,2009
91,HND,Honduras,-0.8659388,2,2009
92,KAZ,Kazakhstan,-0.9076713,-22,2009
93,MLI,Mali,-0.9115499,13,2009
94,PRY,Paraguay,-0.9329508,-2,2009
95,ZWE,Zimbabwe,-0.9414036,-15,2009
96,ZMB,Zambia,-0.9459095,6,2009
97,UZB,Uzbekistan,-0.9469968,-6,2009
98,YEM,Yemen,-1.010872,17,2009
99,AGO,Angola,-1.048702,25,2009
100,MNG,Mongolia,-1.059603,8,2009
101,TKM,Turkmenistan,-1.094507,0,2009
102,ETH,Ethiopia,-1.104486,14,2009
103,IRN,Iran,-1.121135,-8,2009
104,TZA,Tanzania,-1.123963,-7,2009
105,MOZ,Mozambique,-1.204199,13,2009
106,NIC,Nicaragua,-1.278034,-8,2009
107,CIV,Cote d'Ivoire,-1.287158,2,2009
108,ECU,Ecuador,-1.294651,-4,2009
109,BOL,Bolivia,-1.328046,-9,2009
110,MDG,Madagascar,-1.377235,-3,2009
111,CMR,Cameroon,-1.378118,3,2009
112,BGD,Bangladesh,-1.406478,5,2009
113,GAB,Gabon,-1.41823,-10,2009
114,TJK,Tajikistan,-1.444631,-9,2009
115,AZE,Azerbaijan,-1.501798,-16,2009
116,KHM,Cambodia,-1.556813,-6,2009
117,LAO,Lao PDR,-1.607791,-4,2009
118,GHA,Ghana,-1.614081,-6,2009
119,MWI,Malawi,-1.711777,-8,2009
120,COG,Congo,-1.855815,0,2009
121,NGA,Nigeria,-2.148394,4,2009
122,GIN,Guinea,-2.213705,-3,2009
123,MRT,Mauritania,-2.63778,0,2009
124,PNG,Papua New Guinea,-2.643999,-2,2009
125,SDN,Sudan,-2.830687,-4,2009
1,JPN,Japan,2.167982,0,2010
2,KOR,"Korea, Rep.",1.670131,0,2010
3,USA,United States,1.60276,2,2010
4,GBR,United Kingdom,1.602604,0,2010
5,CHE,Switzerland,1.538453,1,2010
6,FIN,Finland,1.531549,-3,2010
7,SWE,Sweden,1.50518,0,2010
8,CZE,Czech Republic,1.472035,2,2010
9,SVN,Slovenia,1.401309,0,2010
10,FRA,France,1.339611,1,2010
11,DEU,Germany,1.333432,1,2010
12,NOR,Norway,1.322701,-4,2010
13,AUT,Austria,1.303322,0,2010
14,SGP,Singapore,1.27003,2,2010
15,HUN,Hungary,1.259168,-1,2010
16,SVK,Slovak Republic,1.193535,-1,2010
17,ITA,Italy,1.186175,0,2010
18,ISR,Israel,1.135232,4,2010
19,DNK,Denmark,1.128697,0,2010
20,IRL,Ireland,1.092048,-2,2010
21,CAN,Canada,1.072982,0,2010
22,POL,Poland,1.06126,-2,2010
23,BEL,Belgium,1.051607,3,2010
24,HKG,Hong Kong,1.046877,0,2010
25,CHN,China,1.016045,3,2010
26,NLD,Netherlands,0.9899078,1,2010
27,MYS,Malaysia,0.9838492,3,2010
28,BLR,Belarus,0.9791759,-3,2010
29,QAT,Qatar,0.9737687,-6,2010
30,EST,Estonia,0.9359092,2,2010
31,MEX,Mexico,0.921954,0,2010
32,ESP,Spain,0.8784815,-3,2010
33,RUS,Russia,0.7603235,2,2010
34,ARE,United Arab Emirates,0.7419994,10,2010
35,THA,Thailand,0.7393026,3,2010
36,HRV,Croatia,0.7335937,-2,2010
37,PAN,Panama,0.6844758,4,2010
38,ROU,Romania,0.6415523,-5,2010
39,UKR,Ukraine,0.64151,1,2010
40,PRT,Portugal,0.6223335,-1,2010
41,LTU,Lithuania,0.6161788,1,2010
42,LVA,Latvia,0.600062,-5,2010
43,NZL,New Zealand,0.4516222,0,2010
44,BGR,Bulgaria,0.4161027,3,2010
45,BIH,Bosnia and Herzegovina,0.354881,0,2010
46,TUR,Turkey,0.3124675,2,2010
47,LBN,Lebanon,0.3018869,2,2010
48,SAU,Saudi Arabia,0.2930718,-2,2010
49,BRA,Brazil,0.2011134,7,2010
50,PHL,Philippines,0.1433403,11,2010
51,TUN,Tunisia,0.1386536,7,2010
52,IND,India,0.1333075,-1,2010
53,GRC,Greece,0.1057991,-1,2010
54,AUS,Australia,0.104232,-4,2010
55,URY,Uruguay,0.1004506,4,2010
56,COL,Colombia,0.0897457,-1,2010
57,ARG,Argentina,0.0799096,3,2010
58,KWT,Kuwait,0.0546829,-22,2010
59,JOR,Jordan,0.0036823,6,2010
60,ZAF,South Africa,-0.0081144,-7,2010
61,VEN,Venezuela,-0.0257077,-4,2010
62,MUS,Mauritius,-0.1249418,6,2010
63,SLV,El Salvador,-0.1617025,3,2010
64,TTO,Trinidad and Tobago,-0.1747403,-2,2010
65,OMN,Oman,-0.1814097,-1,2010
66,CRI,Costa Rica,-0.2042218,9,2010
67,MDA,Moldova,-0.215085,-4,2010
68,JAM,Jamaica,-0.2373901,1,2010
69,VNM,Viet Nam,-0.2417202,4,2010
70,CUB,Cuba,-0.2723567,-16,2010
71,MKD,Macedonia,-0.2737181,-4,2010
72,LBR,Liberia,-0.3449891,12,2010
73,IDN,Indonesia,-0.3452512,-2,2010
74,EGY,Egypt,-0.3784256,-4,2010
75,GEO,Georgia,-0.414654,-3,2010
76,SYR,Syrian Arab Republic,-0.4767912,0,2010
77,DOM,Dominican Republic,-0.4943635,2,2010
78,ALB,Albania,-0.5161108,0,2010
79,LBY,Libya,-0.5206627,-5,2010
80,GTM,Guatemala,-0.5249116,3,2010
81,CHL,Chile,-0.5443186,-4,2010
82,IRN,Iran,-0.6213106,21,2010
83,LKA,Sri Lanka,-0.6375841,4,2010
84,KEN,Kenya,-0.6519203,-3,2010
85,UGA,Uganda,-0.7171068,4,2010
86,PAK,Pakistan,-0.7351443,-4,2010
87,KAZ,Kazakhstan,-0.768665,5,2010
88,SEN,Senegal,-0.7780044,0,2010
89,MAR,Morocco,-0.7794101,-3,2010
90,DZA,Algeria,-0.7891172,-5,2010
91,HND,Honduras,-0.8039305,0,2010
92,PER,Peru,-0.81476,-2,2010
93,ECU,Ecuador,-0.824264,15,2010
94,PRY,Paraguay,-0.8278023,0,2010
95,KGZ,Kyrgyzstan,-0.9152282,-15,2010
96,UZB,Uzbekistan,-0.9636955,1,2010
97,TZA,Tanzania,-1.117114,7,2010
98,GAB,Gabon,-1.133581,15,2010
99,MDG,Madagascar,-1.144535,11,2010
100,BOL,Bolivia,-1.147639,9,2010
101,ZWE,Zimbabwe,-1.187791,-6,2010
102,ETH,Ethiopia,-1.204581,0,2010
103,KHM,Cambodia,-1.212751,13,2010
104,ZMB,Zambia,-1.217153,-8,2010
105,NIC,Nicaragua,-1.244252,1,2010
106,MLI,Mali,-1.292841,-13,2010
107,CMR,Cameroon,-1.303075,4,2010
108,MNG,Mongolia,-1.37594,-8,2010
109,BGD,Bangladesh,-1.378172,3,2010
110,LAO,Lao PDR,-1.437367,7,2010
111,TJK,Tajikistan,-1.473336,3,2010
112,AZE,Azerbaijan,-1.481987,3,2010
113,MWI,Malawi,-1.489612,6,2010
114,YEM,Yemen,-1.502072,-16,2010
115,GHA,Ghana,-1.509391,3,2010
116,TKM,Turkmenistan,-1.526526,-15,2010
117,CIV,Cote d'Ivoire,-1.612803,-10,2010
118,COG,Congo,-1.82391,2,2010
119,SDN,Sudan,-1.893454,6,2010
120,MOZ,Mozambique,-1.979428,-15,2010
121,AGO,Angola,-2.054031,-22,2010
122,MRT,Mauritania,-2.126388,1,2010
123,GIN,Guinea,-2.150642,-1,2010
124,PNG,Papua New Guinea,-2.238745,0,2010
125,NGA,Nigeria,-2.384161,-4,2010
1,JPN,Japan,2.036208,0,2011
2,KOR,"Korea, Rep.",1.632899,0,2011
3,GBR,United Kingdom,1.537645,1,2011
4,USA,United States,1.502269,-1,2011
5,CHE,Switzerland,1.464899,0,2011
6,FIN,Finland,1.392617,0,2011
7,SVN,Slovenia,1.376354,2,2011
8,CZE,Czech Republic,1.376116,0,2011
9,SWE,Sweden,1.369833,-2,2011
10,NOR,Norway,1.283999,2,2011
11,FRA,France,1.279832,-1,2011
12,DEU,Germany,1.269383,-1,2011
13,AUT,Austria,1.235098,0,2011
14,SGP,Singapore,1.230836,0,2011
15,HUN,Hungary,1.206166,0,2011
16,ISR,Israel,1.189241,2,2011
17,ITA,Italy,1.154696,0,2011
18,SVK,Slovak Republic,1.145941,-2,2011
19,DNK,Denmark,1.093741,0,2011
20,IRL,Ireland,1.058063,0,2011
21,POL,Poland,1.052336,1,2011
22,HKG,Hong Kong,1.034783,2,2011
23,CHN,China,1.028655,2,2011
24,MYS,Malaysia,0.997003,3,2011
25,EST,Estonia,0.9888989,5,2011
26,CAN,Canada,0.9819023,-5,2011
27,BEL,Belgium,0.9715681,-4,2011
28,NLD,Netherlands,0.9566193,-2,2011
29,QAT,Qatar,0.9291309,0,2011
30,BLR,Belarus,0.8905085,-2,2011
31,ESP,Spain,0.855177,1,2011
32,PAN,Panama,0.8377522,5,2011
33,HRV,Croatia,0.8354343,3,2011
34,ROU,Romania,0.7466798,4,2011
35,ARE,United Arab Emirates,0.731723,-1,2011
36,THA,Thailand,0.7262124,-1,2011
37,LVA,Latvia,0.7079756,5,2011
38,MEX,Mexico,0.675273,-7,2011
39,LTU,Lithuania,0.6626854,2,2011
40,PRT,Portugal,0.6003684,0,2011
41,UKR,Ukraine,0.5658652,-2,2011
42,RUS,Russia,0.5191942,-9,2011
43,BGR,Bulgaria,0.5057179,1,2011
44,SAU,Saudi Arabia,0.5041714,4,2011
45,NZL,New Zealand,0.4659677,-2,2011
46,BIH,Bosnia and Herzegovina,0.4484829,-1,2011
47,TUR,Turkey,0.394605,-1,2011
48,LBN,Lebanon,0.2012012,-1,2011
49,PHL,Philippines,0.1816511,1,2011
50,IND,India,0.1645541,2,2011
51,BRA,Brazil,0.1579313,-2,2011
52,AUS,Australia,0.1419004,2,2011
53,TUN,Tunisia,0.1329318,-2,2011
54,URY,Uruguay,0.1098113,1,2011
55,GRC,Greece,0.0742327,-2,2011
56,ZAF,South Africa,0.0423942,4,2011
57,COL,Colombia,0.0327314,-1,2011
58,JOR,Jordan,-0.0014621,1,2011
59,VEN,Venezuela,-0.0031817,2,2011
60,ARG,Argentina,-0.0161761,-3,2011
61,CRI,Costa Rica,-0.083673,5,2011
62,MUS,Mauritius,-0.0968451,0,2011
63,SLV,El Salvador,-0.1001002,0,2011
64,LBR,Liberia,-0.1027639,8,2011
65,VNM,Viet Nam,-0.1089297,4,2011
66,MDA,Moldova,-0.11236,1,2011
67,TTO,Trinidad and Tobago,-0.113999,-3,2011
68,OMN,Oman,-0.1248827,-3,2011
69,GEO,Georgia,-0.1503329,6,2011
70,KWT,Kuwait,-0.1913214,-12,2011
71,MKD,Macedonia,-0.2152607,0,2011
72,EGY,Egypt,-0.263492,2,2011
73,CUB,Cuba,-0.2945155,-3,2011
74,ALB,Albania,-0.3282679,4,2011
75,CHL,Chile,-0.3348616,6,2011
76,JAM,Jamaica,-0.3359219,-8,2011
77,IDN,Indonesia,-0.3414784,-4,2011
78,DOM,Dominican Republic,-0.4326919,-1,2011
79,KAZ,Kazakhstan,-0.4490266,8,2011
80,GTM,Guatemala,-0.4511615,0,2011
81,SYR,Syrian Arab Republic,-0.4773184,-5,2011
82,LKA,Sri Lanka,-0.5840698,1,2011
83,PAK,Pakistan,-0.6028839,3,2011
84,MAR,Morocco,-0.6122942,5,2011
85,KEN,Kenya,-0.6645967,-1,2011
86,PER,Peru,-0.6898648,6,2011
87,IRN,Iran,-0.7064041,-5,2011
88,KGZ,Kyrgyzstan,-0.7420828,7,2011
89,UGA,Uganda,-0.7789097,-4,2011
90,PRY,Paraguay,-0.7801827,4,2011
91,HND,Honduras,-0.8309819,0,2011
92,UZB,Uzbekistan,-0.8869485,4,2011
93,CMR,Cameroon,-0.8941472,14,2011
94,SEN,Senegal,-0.9321746,-6,2011
95,ECU,Ecuador,-1.003523,-2,2011
96,GAB,Gabon,-1.005355,2,2011
97,BOL,Bolivia,-1.030106,3,2011
98,ZMB,Zambia,-1.036013,6,2011
99,NIC,Nicaragua,-1.04046,6,2011
100,MWI,Malawi,-1.130673,13,2011
101,GHA,Ghana,-1.14291,14,2011
102,ZWE,Zimbabwe,-1.165378,-1,2011
103,MDG,Madagascar,-1.175703,-4,2011
104,KHM,Cambodia,-1.189108,-1,2011
105,TZA,Tanzania,-1.199345,-8,2011
106,LBY,Libya,-1.201721,-27,2011
107,TJK,Tajikistan,-1.217746,4,2011
108,MLI,Mali,-1.25864,-2,2011
109,CIV,Cote d'Ivoire,-1.26686,8,2011
110,MNG,Mongolia,-1.275593,-2,2011
111,DZA,Algeria,-1.276363,-21,2011
112,BGD,Bangladesh,-1.278,-3,2011
113,ETH,Ethiopia,-1.311446,-11,2011
114,AZE,Azerbaijan,-1.325586,-2,2011
115,YEM,Yemen,-1.401025,-1,2011
116,COG,Congo,-1.410017,2,2011
117,LAO,Lao PDR,-1.490939,-7,2011
118,PNG,Papua New Guinea,-1.611354,6,2011
119,MOZ,Mozambique,-1.621526,1,2011
120,TKM,Turkmenistan,-1.882161,-4,2011
121,AGO,Angola,-1.931317,0,2011
122,MRT,Mauritania,-2.01658,0,2011
123,NGA,Nigeria,-2.057435,2,2011
124,SDN,Sudan,-2.207721,-5,2011
125,GIN,Guinea,-2.314861,-2,2011
